#
# There is insufficient memory for the Java Runtime Environment to continue.
# Native memory allocation (malloc) failed to allocate 932016 bytes. Error detail: Chunk::new
# Possible reasons:
#   The system is out of physical RAM or swap space
#   This process is running with CompressedOops enabled, and the Java Heap may be blocking the growth of the native heap
# Possible solutions:
#   Reduce memory load on the system
#   Increase physical memory or swap space
#   Check if swap backing store is full
#   Decrease Java heap size (-Xmx/-Xms)
#   Decrease number of Java threads
#   Decrease Java thread stack sizes (-Xss)
#   Set larger code cache with -XX:ReservedCodeCacheSize=
#   JVM is running with Unscaled Compressed Oops mode in which the Java heap is
#     placed in the first 4GB address space. The Java Heap base address is the
#     maximum limit for the native heap growth. Please use -XX:HeapBaseMinAddress
#     to set the Java Heap base and to place the Java Heap above 4GB virtual address.
# This output file may be truncated or incomplete.
#
#  Out of Memory Error (arena.cpp:191), pid=45708, tid=46280
#
# JRE version: OpenJDK Runtime Environment Temurin-17.0.16+8 (17.0.16+8) (build 17.0.16+8)
# Java VM: OpenJDK 64-Bit Server VM Temurin-17.0.16+8 (17.0.16+8, mixed mode, sharing, tiered, compressed oops, compressed class ptrs, g1 gc, windows-amd64)
# No core dump will be written. Minidumps are not enabled by default on client versions of Windows
#

---------------  S U M M A R Y ------------

Command Line: --add-opens=java.base/java.lang=ALL-UNNAMED --add-opens=java.base/java.lang.invoke=ALL-UNNAMED --add-opens=java.base/java.util=ALL-UNNAMED --add-opens=java.prefs/java.util.prefs=ALL-UNNAMED --add-exports=jdk.compiler/com.sun.tools.javac.api=ALL-UNNAMED --add-exports=jdk.compiler/com.sun.tools.javac.util=ALL-UNNAMED --add-opens=java.base/java.util=ALL-UNNAMED --add-opens=java.prefs/java.util.prefs=ALL-UNNAMED --add-opens=java.base/java.nio.charset=ALL-UNNAMED --add-opens=java.base/java.net=ALL-UNNAMED --add-opens=java.base/java.util.concurrent.atomic=ALL-UNNAMED --add-opens=java.xml/javax.xml.namespace=ALL-UNNAMED -XX:MaxMetaspaceSize=512m -Xmx2048m -Dfile.encoding=windows-1252 -Duser.country=US -Duser.language=en -Duser.variant -javaagent:C:\Users\ADMIN\.gradle\wrapper\dists\gradle-8.14.3-bin\cv11ve7ro1n3o1j4so8xd9n66\gradle-8.14.3\lib\agents\gradle-instrumentation-agent-8.14.3.jar org.gradle.launcher.daemon.bootstrap.GradleDaemon 8.14.3

Host: 13th Gen Intel(R) Core(TM) i7-1355U, 12 cores, 15G,  Windows 11 , 64 bit Build 26100 (10.0.26100.8328)
Time: Tue Jun  9 18:02:13 2026 E. Africa Standard Time elapsed time: 64.101848 seconds (0d 0h 1m 4s)

---------------  T H R E A D  ---------------

Current thread (0x0000021e6e01dba0):  JavaThread "C2 CompilerThread0" daemon [_thread_in_native, id=46280, stack(0x0000005ac3d00000,0x0000005ac3e00000)]


Current CompileTask:
C2:  64102 20814       4       org.gradle.cache.internal.DefaultMultiProcessSafeIndexedCache$$Lambda$479/0x0000021e5043fa00::run (16 bytes)

Stack: [0x0000005ac3d00000,0x0000005ac3e00000]
Native frames: (J=compiled Java code, j=interpreted, Vv=VM code, C=native code)
V  [jvm.dll+0x683169]
V  [jvm.dll+0x839ac8]
V  [jvm.dll+0x83b573]
V  [jvm.dll+0x83bbe3]
V  [jvm.dll+0x2473ff]
V  [jvm.dll+0xace94]
V  [jvm.dll+0xad52c]
V  [jvm.dll+0x365dbf]
V  [jvm.dll+0x32fff8]
V  [jvm.dll+0x32f47a]
V  [jvm.dll+0x21831f]
V  [jvm.dll+0x21775f]
V  [jvm.dll+0x1a32a0]
V  [jvm.dll+0x227b3c]
V  [jvm.dll+0x225ccb]
V  [jvm.dll+0x7ef2d8]
V  [jvm.dll+0x7e979c]
V  [jvm.dll+0x682047]
C  [ucrtbase.dll+0x37b0]
C  [KERNEL32.DLL+0x2e957]
C  [ntdll.dll+0x427c]


---------------  P R O C E S S  ---------------

Threads class SMR info:
_java_thread_list=0x0000021e74a05980, length=214, elements={
0x0000021e30418510, 0x0000021e6e000080, 0x0000021e6e000950, 0x0000021e6e018510,
0x0000021e6e01adf0, 0x0000021e6e01b6c0, 0x0000021e6e01bf90, 0x0000021e6e01dba0,
0x0000021e6e0428e0, 0x0000021e6e0431f0, 0x0000021e6e19c480, 0x0000021e6e251f40,
0x0000021e6f2744d0, 0x0000021e6e98a9a0, 0x0000021e6e331aa0, 0x0000021e6ff06b60,
0x0000021e70011310, 0x0000021e6ff4e5c0, 0x0000021e6ff4ead0, 0x0000021e6ff4f4f0,
0x0000021e6ff50930, 0x0000021e6ff50420, 0x0000021e6ff4d690, 0x0000021e6ff4d180,
0x0000021e6ff4fa00, 0x0000021e6ff4efe0, 0x0000021e6ff4ff10, 0x0000021e6ff4e0b0,
0x0000021e730e8230, 0x0000021e730e7d20, 0x0000021e730e68e0, 0x0000021e730e9b80,
0x0000021e730e8c50, 0x0000021e730e9160, 0x0000021e730e7810, 0x0000021e730e6df0,
0x0000021e730ea5a0, 0x0000021e730eaab0, 0x0000021e730ece20, 0x0000021e730eafc0,
0x0000021e730e9670, 0x0000021e730eb4d0, 0x0000021e730ed330, 0x0000021e730ee260,
0x0000021e730ed840, 0x0000021e730edd50, 0x0000021e730eb9e0, 0x0000021e730ebef0,
0x0000021e730ec400, 0x0000021e6f24f2e0, 0x0000021e6f24edd0, 0x0000021e6f252a90,
0x0000021e6f251140, 0x0000021e6f251b60, 0x0000021e6f251650, 0x0000021e6f252070,
0x0000021e6f252fa0, 0x0000021e6f24f7f0, 0x0000021e6f250210, 0x0000021e6f252580,
0x0000021e6f250c30, 0x0000021e6f2534b0, 0x0000021e6f24fd00, 0x0000021e6f250720,
0x0000021e6f253ed0, 0x0000021e6f2539c0, 0x0000021e6f2543e0, 0x0000021e6f256750,
0x0000021e6f2548f0, 0x0000021e6f255820, 0x0000021e6f254e00, 0x0000021e6f255310,
0x0000021e6f255d30, 0x0000021e6f256240, 0x0000021e740bd050, 0x0000021e740bcb40,
0x0000021e740bb700, 0x0000021e740bd560, 0x0000021e740bace0, 0x0000021e740b9db0,
0x0000021e740bb1f0, 0x0000021e740ba2c0, 0x0000021e740ba7d0, 0x0000021e740bbc10,
0x0000021e74cfe2f0, 0x0000021e74cfab40, 0x0000021e74cfc490, 0x0000021e74cfd3c0,
0x0000021e74cfceb0, 0x0000021e74cfb560, 0x0000021e74cfdde0, 0x0000021e74cfe800,
0x0000021e74cfb050, 0x0000021e74cfed10, 0x0000021e74cff220, 0x0000021e74cfba70,
0x0000021e74cff730, 0x0000021e74cfbf80, 0x0000021e74d00150, 0x0000021e74cffc40,
0x0000021e74cfc9a0, 0x0000021e74d00660, 0x0000021e74d00b70, 0x0000021e74d01080,
0x0000021e74d01590, 0x0000021e74d01aa0, 0x0000021e74d01fb0, 0x0000021e74d024c0,
0x0000021e750e1ec0, 0x0000021e750e0570, 0x0000021e750e3810, 0x0000021e750e0060,
0x0000021e750e3300, 0x0000021e750e3d20, 0x0000021e750e4230, 0x0000021e750e14a0,
0x0000021e750e0a80, 0x0000021e750e19b0, 0x0000021e750e4740, 0x0000021e750e0f90,
0x0000021e750e4c50, 0x0000021e750e5160, 0x0000021e750e5670, 0x0000021e750e5b80,
0x0000021e750e23d0, 0x0000021e750e6090, 0x0000021e750e28e0, 0x0000021e750e65a0,
0x0000021e750e2df0, 0x0000021e750e74d0, 0x0000021e750e6ab0, 0x0000021e750e6fc0,
0x0000021e750e79e0, 0x0000021e73d3a5b0, 0x0000021e73d3c920, 0x0000021e73d3aac0,
0x0000021e73d3bf00, 0x0000021e73d3d850, 0x0000021e73d3b4e0, 0x0000021e73d3afd0,
0x0000021e73d3b9f0, 0x0000021e73d3c410, 0x0000021e73d3ce30, 0x0000021e73d3a0a0,
0x0000021e73d3fbc0, 0x0000021e73d400d0, 0x0000021e73d40af0, 0x0000021e73d3e780,
0x0000021e73d3dd60, 0x0000021e73d3e270, 0x0000021e73d3ec90, 0x0000021e73d3d340,
0x0000021e73d405e0, 0x0000021e73d3f1a0, 0x0000021e73d41000, 0x0000021e73d41510,
0x0000021e73d41a20, 0x0000021e73d3f6b0, 0x0000021e73d85310, 0x0000021e73d87b90,
0x0000021e73d85820, 0x0000021e73d87170, 0x0000021e73d85d30, 0x0000021e73d86750,
0x0000021e73d84e00, 0x0000021e73d848f0, 0x0000021e73d86240, 0x0000021e73d87680,
0x0000021e73d843e0, 0x0000021e73d885b0, 0x0000021e73d86c60, 0x0000021e73d8b850,
0x0000021e73d88fd0, 0x0000021e73d8b340, 0x0000021e73d88ac0, 0x0000021e73d89f00,
0x0000021e73d8ae30, 0x0000021e73d8a410, 0x0000021e73d880a0, 0x0000021e73d894e0,
0x0000021e73d899f0, 0x0000021e73d8a920, 0x0000021e73d8bd60, 0x0000021e740bc630,
0x0000021e71e38470, 0x0000021e71e37540, 0x0000021e71e393a0, 0x0000021e71e398b0,
0x0000021e71e37f60, 0x0000021e71e3a7e0, 0x0000021e71e37a50, 0x0000021e71e3acf0,
0x0000021e71e38980, 0x0000021e71e3da80, 0x0000021e71e3cb50, 0x0000021e71e3d060,
0x0000021e7ae8c830, 0x0000021e7ae8d760, 0x0000021e7ae8fad0, 0x0000021e7ae92350,
0x0000021e7ae904f0, 0x0000021e7ae93790, 0x0000021e7ae92d70, 0x0000021e7ae93ca0,
0x0000021e7ae941b0, 0x0000021e71e3c640, 0x0000021e71e3bc20, 0x0000021e7f3ed850,
0x0000021e7f3edd60, 0x0000021e7f3eb9f0, 0x0000021e7f3ed340, 0x0000021e7f3ee270,
0x0000021e6f2ee700, 0x0000021e6f2f36b0
}

Java Threads: ( => current thread )
  0x0000021e30418510 JavaThread "main" [_thread_blocked, id=6408, stack(0x0000005ac3000000,0x0000005ac3100000)]
  0x0000021e6e000080 JavaThread "Reference Handler" daemon [_thread_blocked, id=39784, stack(0x0000005ac3700000,0x0000005ac3800000)]
  0x0000021e6e000950 JavaThread "Finalizer" daemon [_thread_blocked, id=19764, stack(0x0000005ac3800000,0x0000005ac3900000)]
  0x0000021e6e018510 JavaThread "Signal Dispatcher" daemon [_thread_blocked, id=42460, stack(0x0000005ac3900000,0x0000005ac3a00000)]
  0x0000021e6e01adf0 JavaThread "Attach Listener" daemon [_thread_blocked, id=37312, stack(0x0000005ac3a00000,0x0000005ac3b00000)]
  0x0000021e6e01b6c0 JavaThread "Service Thread" daemon [_thread_blocked, id=42812, stack(0x0000005ac3b00000,0x0000005ac3c00000)]
  0x0000021e6e01bf90 JavaThread "Monitor Deflation Thread" daemon [_thread_blocked, id=20492, stack(0x0000005ac3c00000,0x0000005ac3d00000)]
=>0x0000021e6e01dba0 JavaThread "C2 CompilerThread0" daemon [_thread_in_native, id=46280, stack(0x0000005ac3d00000,0x0000005ac3e00000)]
  0x0000021e6e0428e0 JavaThread "C1 CompilerThread0" daemon [_thread_blocked, id=7724, stack(0x0000005ac3e00000,0x0000005ac3f00000)]
  0x0000021e6e0431f0 JavaThread "Sweeper thread" daemon [_thread_blocked, id=31532, stack(0x0000005ac3f00000,0x0000005ac4000000)]
  0x0000021e6e19c480 JavaThread "Common-Cleaner" daemon [_thread_blocked, id=50320, stack(0x0000005ac4000000,0x0000005ac4100000)]
  0x0000021e6e251f40 JavaThread "Notification Thread" daemon [_thread_blocked, id=39128, stack(0x0000005ac4200000,0x0000005ac4300000)]
  0x0000021e6f2744d0 JavaThread "Daemon health stats" [_thread_blocked, id=8860, stack(0x0000005ac4b00000,0x0000005ac4c00000)]
  0x0000021e6e98a9a0 JavaThread "Incoming local TCP Connector on port 52288" [_thread_in_native, id=2536, stack(0x0000005ac4c00000,0x0000005ac4d00000)]
  0x0000021e6e331aa0 JavaThread "Daemon periodic checks" [_thread_blocked, id=2572, stack(0x0000005ac4d00000,0x0000005ac4e00000)]
  0x0000021e6ff06b60 JavaThread "Daemon" [_thread_blocked, id=41236, stack(0x0000005ac4e00000,0x0000005ac4f00000)]
  0x0000021e70011310 JavaThread "Handler for socket connection from /127.0.0.1:52288 to /127.0.0.1:52289" [_thread_in_native, id=8000, stack(0x0000005ac4f00000,0x0000005ac5000000)]
  0x0000021e6ff4e5c0 JavaThread "Cancel handler" [_thread_blocked, id=15704, stack(0x0000005ac5000000,0x0000005ac5100000)]
  0x0000021e6ff4ead0 JavaThread "Daemon worker" [_thread_blocked, id=40100, stack(0x0000005ac5100000,0x0000005ac5200000)]
  0x0000021e6ff4f4f0 JavaThread "Asynchronous log dispatcher for DefaultDaemonConnection: socket connection from /127.0.0.1:52288 to /127.0.0.1:52289" [_thread_blocked, id=5844, stack(0x0000005ac5200000,0x0000005ac5300000)]
  0x0000021e6ff50930 JavaThread "Stdin handler" [_thread_blocked, id=46124, stack(0x0000005ac5300000,0x0000005ac5400000)]
  0x0000021e6ff50420 JavaThread "Daemon client event forwarder" [_thread_blocked, id=38964, stack(0x0000005ac5400000,0x0000005ac5500000)]
  0x0000021e6ff4d690 JavaThread "Cache worker for journal cache (C:\Users\ADMIN\.gradle\caches\journal-1)" [_thread_blocked, id=43048, stack(0x0000005ac5500000,0x0000005ac5600000)]
  0x0000021e6ff4d180 JavaThread "File lock request listener" [_thread_in_native, id=2744, stack(0x0000005ac5600000,0x0000005ac5700000)]
  0x0000021e6ff4fa00 JavaThread "Cache worker for file hash cache (C:\Users\ADMIN\.gradle\caches\8.14.3\fileHashes)" [_thread_blocked, id=33972, stack(0x0000005ac5700000,0x0000005ac5800000)]
  0x0000021e6ff4efe0 JavaThread "Cache worker for file hash cache (C:\betmundial\android\.gradle\8.14.3\fileHashes)" [_thread_blocked, id=28904, stack(0x0000005ac4400000,0x0000005ac4500000)]
  0x0000021e6ff4ff10 JavaThread "Cache worker for Build Output Cleanup Cache (C:\betmundial\android\.gradle\buildOutputCleanup)" [_thread_blocked, id=15268, stack(0x0000005ac5800000,0x0000005ac5900000)]
  0x0000021e6ff4e0b0 JavaThread "File watcher server" daemon [_thread_in_native, id=30092, stack(0x0000005ac5f00000,0x0000005ac6000000)]
  0x0000021e730e8230 JavaThread "File watcher consumer" daemon [_thread_blocked, id=20988, stack(0x0000005ac6000000,0x0000005ac6100000)]
  0x0000021e730e7d20 JavaThread "jar transforms" [_thread_blocked, id=34056, stack(0x0000005ac6200000,0x0000005ac6300000)]
  0x0000021e730e68e0 JavaThread "Cache worker for checksums cache (C:\betmundial\android\.gradle\8.14.3\checksums)" [_thread_blocked, id=9552, stack(0x0000005ac6300000,0x0000005ac6400000)]
  0x0000021e730e9b80 JavaThread "Cache worker for file content cache (C:\Users\ADMIN\.gradle\caches\8.14.3\fileContent)" [_thread_blocked, id=14044, stack(0x0000005ac6400000,0x0000005ac6500000)]
  0x0000021e730e8c50 JavaThread "Cache worker for cache directory md-supplier (C:\Users\ADMIN\.gradle\caches\8.14.3\md-supplier)" [_thread_blocked, id=20916, stack(0x0000005ac6500000,0x0000005ac6600000)]
  0x0000021e730e9160 JavaThread "Cache worker for cache directory md-rule (C:\Users\ADMIN\.gradle\caches\8.14.3\md-rule)" [_thread_blocked, id=46908, stack(0x0000005ac6600000,0x0000005ac6700000)]
  0x0000021e730e7810 JavaThread "Cache worker for Build Output Cleanup Cache (C:\betmundial\node_modules\@react-native\gradle-plugin\.gradle\buildOutputCleanup)" [_thread_blocked, id=34976, stack(0x0000005ac6700000,0x0000005ac6800000)]
  0x0000021e730e6df0 JavaThread "Unconstrained build operations" [_thread_blocked, id=39624, stack(0x0000005ac6800000,0x0000005ac6900000)]
  0x0000021e730ea5a0 JavaThread "Unconstrained build operations Thread 2" [_thread_blocked, id=44508, stack(0x0000005ac6900000,0x0000005ac6a00000)]
  0x0000021e730eaab0 JavaThread "Unconstrained build operations Thread 3" [_thread_blocked, id=47212, stack(0x0000005ac6a00000,0x0000005ac6b00000)]
  0x0000021e730ece20 JavaThread "Unconstrained build operations Thread 4" [_thread_blocked, id=18268, stack(0x0000005ac6b00000,0x0000005ac6c00000)]
  0x0000021e730eafc0 JavaThread "Unconstrained build operations Thread 5" [_thread_blocked, id=25064, stack(0x0000005ac6c00000,0x0000005ac6d00000)]
  0x0000021e730e9670 JavaThread "Unconstrained build operations Thread 6" [_thread_blocked, id=7608, stack(0x0000005ac6d00000,0x0000005ac6e00000)]
  0x0000021e730eb4d0 JavaThread "Unconstrained build operations Thread 7" [_thread_blocked, id=1936, stack(0x0000005ac6e00000,0x0000005ac6f00000)]
  0x0000021e730ed330 JavaThread "Unconstrained build operations Thread 8" [_thread_blocked, id=27160, stack(0x0000005ac6f00000,0x0000005ac7000000)]
  0x0000021e730ee260 JavaThread "Unconstrained build operations Thread 9" [_thread_blocked, id=38880, stack(0x0000005ac7000000,0x0000005ac7100000)]
  0x0000021e730ed840 JavaThread "Unconstrained build operations Thread 10" [_thread_blocked, id=34172, stack(0x0000005ac7100000,0x0000005ac7200000)]
  0x0000021e730edd50 JavaThread "Unconstrained build operations Thread 11" [_thread_blocked, id=52524, stack(0x0000005ac7200000,0x0000005ac7300000)]
  0x0000021e730eb9e0 JavaThread "Unconstrained build operations Thread 12" [_thread_blocked, id=44152, stack(0x0000005ac7300000,0x0000005ac7400000)]
  0x0000021e730ebef0 JavaThread "Unconstrained build operations Thread 13" [_thread_blocked, id=51900, stack(0x0000005ac7400000,0x0000005ac7500000)]
  0x0000021e730ec400 JavaThread "Unconstrained build operations Thread 14" [_thread_blocked, id=4016, stack(0x0000005ac7500000,0x0000005ac7600000)]
  0x0000021e6f24f2e0 JavaThread "Unconstrained build operations Thread 15" [_thread_blocked, id=36220, stack(0x0000005ac7600000,0x0000005ac7700000)]
  0x0000021e6f24edd0 JavaThread "Unconstrained build operations Thread 16" [_thread_blocked, id=21232, stack(0x0000005ac7700000,0x0000005ac7800000)]
  0x0000021e6f252a90 JavaThread "Unconstrained build operations Thread 17" [_thread_blocked, id=51192, stack(0x0000005ac7800000,0x0000005ac7900000)]
  0x0000021e6f251140 JavaThread "Unconstrained build operations Thread 18" [_thread_blocked, id=4072, stack(0x0000005ac7900000,0x0000005ac7a00000)]
  0x0000021e6f251b60 JavaThread "Unconstrained build operations Thread 19" [_thread_blocked, id=41128, stack(0x0000005ac7a00000,0x0000005ac7b00000)]
  0x0000021e6f251650 JavaThread "Unconstrained build operations Thread 20" [_thread_blocked, id=47788, stack(0x0000005ac7b00000,0x0000005ac7c00000)]
  0x0000021e6f252070 JavaThread "Unconstrained build operations Thread 21" [_thread_blocked, id=44820, stack(0x0000005ac7c00000,0x0000005ac7d00000)]
  0x0000021e6f252fa0 JavaThread "Unconstrained build operations Thread 22" [_thread_blocked, id=50556, stack(0x0000005ac7d00000,0x0000005ac7e00000)]
  0x0000021e6f24f7f0 JavaThread "Unconstrained build operations Thread 23" [_thread_blocked, id=51228, stack(0x0000005ac7e00000,0x0000005ac7f00000)]
  0x0000021e6f250210 JavaThread "Unconstrained build operations Thread 24" [_thread_blocked, id=27844, stack(0x0000005ac7f00000,0x0000005ac8000000)]
  0x0000021e6f252580 JavaThread "Unconstrained build operations Thread 25" [_thread_blocked, id=13648, stack(0x0000005ac8000000,0x0000005ac8100000)]
  0x0000021e6f250c30 JavaThread "Unconstrained build operations Thread 26" [_thread_blocked, id=11756, stack(0x0000005ac8100000,0x0000005ac8200000)]
  0x0000021e6f2534b0 JavaThread "Unconstrained build operations Thread 27" [_thread_blocked, id=41448, stack(0x0000005ac8200000,0x0000005ac8300000)]
  0x0000021e6f24fd00 JavaThread "Unconstrained build operations Thread 28" [_thread_blocked, id=46828, stack(0x0000005ac8300000,0x0000005ac8400000)]
  0x0000021e6f250720 JavaThread "Unconstrained build operations Thread 29" [_thread_blocked, id=36688, stack(0x0000005ac8400000,0x0000005ac8500000)]
  0x0000021e6f253ed0 JavaThread "Unconstrained build operations Thread 30" [_thread_blocked, id=2120, stack(0x0000005ac8500000,0x0000005ac8600000)]
  0x0000021e6f2539c0 JavaThread "Unconstrained build operations Thread 31" [_thread_blocked, id=43872, stack(0x0000005ac8600000,0x0000005ac8700000)]
  0x0000021e6f2543e0 JavaThread "Unconstrained build operations Thread 32" [_thread_blocked, id=12904, stack(0x0000005ac8700000,0x0000005ac8800000)]
  0x0000021e6f256750 JavaThread "Unconstrained build operations Thread 33" [_thread_blocked, id=50928, stack(0x0000005ac8800000,0x0000005ac8900000)]
  0x0000021e6f2548f0 JavaThread "Unconstrained build operations Thread 34" [_thread_blocked, id=43884, stack(0x0000005ac8900000,0x0000005ac8a00000)]
  0x0000021e6f255820 JavaThread "Unconstrained build operations Thread 35" [_thread_blocked, id=36788, stack(0x0000005ac8a00000,0x0000005ac8b00000)]
  0x0000021e6f254e00 JavaThread "Unconstrained build operations Thread 36" [_thread_blocked, id=13164, stack(0x0000005ac8b00000,0x0000005ac8c00000)]
  0x0000021e6f255310 JavaThread "Unconstrained build operations Thread 37" [_thread_blocked, id=35912, stack(0x0000005ac8c00000,0x0000005ac8d00000)]
  0x0000021e6f255d30 JavaThread "Unconstrained build operations Thread 38" [_thread_blocked, id=33584, stack(0x0000005ac8d00000,0x0000005ac8e00000)]
  0x0000021e6f256240 JavaThread "Unconstrained build operations Thread 39" [_thread_blocked, id=8456, stack(0x0000005ac8e00000,0x0000005ac8f00000)]
  0x0000021e740bd050 JavaThread "build event listener" [_thread_blocked, id=37908, stack(0x0000005ac8f00000,0x0000005ac9000000)]
  0x0000021e740bcb40 JavaThread "Memory manager" [_thread_blocked, id=41108, stack(0x0000005ac4100000,0x0000005ac4200000)]
  0x0000021e740bb700 JavaThread "ForkJoinPool.commonPool-worker-1" daemon [_thread_blocked, id=24172, stack(0x0000005ac9100000,0x0000005ac9200000)]
  0x0000021e740bd560 JavaThread "ForkJoinPool.commonPool-worker-2" daemon [_thread_blocked, id=15368, stack(0x0000005ac9200000,0x0000005ac9300000)]
  0x0000021e740bace0 JavaThread "ForkJoinPool.commonPool-worker-3" daemon [_thread_blocked, id=27480, stack(0x0000005ac9300000,0x0000005ac9400000)]
  0x0000021e740b9db0 JavaThread "ForkJoinPool.commonPool-worker-4" daemon [_thread_blocked, id=27016, stack(0x0000005ac9400000,0x0000005ac9500000)]
  0x0000021e740bb1f0 JavaThread "ForkJoinPool.commonPool-worker-5" daemon [_thread_blocked, id=25164, stack(0x0000005ac9500000,0x0000005ac9600000)]
  0x0000021e740ba2c0 JavaThread "ForkJoinPool.commonPool-worker-6" daemon [_thread_blocked, id=50584, stack(0x0000005ac9600000,0x0000005ac9700000)]
  0x0000021e740ba7d0 JavaThread "ForkJoinPool.commonPool-worker-7" daemon [_thread_blocked, id=19708, stack(0x0000005ac9700000,0x0000005ac9800000)]
  0x0000021e740bbc10 JavaThread "ForkJoinPool.commonPool-worker-8" daemon [_thread_blocked, id=35892, stack(0x0000005ac9800000,0x0000005ac9900000)]
  0x0000021e74cfe2f0 JavaThread "ForkJoinPool.commonPool-worker-9" daemon [_thread_blocked, id=34456, stack(0x0000005ac9900000,0x0000005ac9a00000)]
  0x0000021e74cfab40 JavaThread "ForkJoinPool.commonPool-worker-10" daemon [_thread_blocked, id=31256, stack(0x0000005ac9a00000,0x0000005ac9b00000)]
  0x0000021e74cfc490 JavaThread "Exec process" [_thread_blocked, id=35000, stack(0x0000005ac9b00000,0x0000005ac9c00000)]
  0x0000021e74cfd3c0 JavaThread "Exec process Thread 2" [_thread_blocked, id=51432, stack(0x0000005ac9c00000,0x0000005ac9d00000)]
  0x0000021e74cfceb0 JavaThread "Exec process Thread 3" [_thread_blocked, id=17568, stack(0x0000005ac9d00000,0x0000005ac9e00000)]
  0x0000021e74cfb560 JavaThread "included builds" [_thread_blocked, id=47156, stack(0x0000005ac9e00000,0x0000005ac9f00000)]
  0x0000021e74cfdde0 JavaThread "Execution worker" [_thread_blocked, id=21448, stack(0x0000005ac9f00000,0x0000005aca000000)]
  0x0000021e74cfe800 JavaThread "Execution worker Thread 2" [_thread_blocked, id=38688, stack(0x0000005aca000000,0x0000005aca100000)]
  0x0000021e74cfb050 JavaThread "Execution worker Thread 3" [_thread_blocked, id=40364, stack(0x0000005aca100000,0x0000005aca200000)]
  0x0000021e74cfed10 JavaThread "Execution worker Thread 4" [_thread_blocked, id=50788, stack(0x0000005aca200000,0x0000005aca300000)]
  0x0000021e74cff220 JavaThread "Execution worker Thread 5" [_thread_blocked, id=32744, stack(0x0000005aca300000,0x0000005aca400000)]
  0x0000021e74cfba70 JavaThread "Execution worker Thread 6" [_thread_blocked, id=30548, stack(0x0000005aca400000,0x0000005aca500000)]
  0x0000021e74cff730 JavaThread "Execution worker Thread 7" [_thread_blocked, id=49532, stack(0x0000005aca500000,0x0000005aca600000)]
  0x0000021e74cfbf80 JavaThread "Execution worker Thread 8" [_thread_blocked, id=46900, stack(0x0000005aca600000,0x0000005aca700000)]
  0x0000021e74d00150 JavaThread "Execution worker Thread 9" [_thread_blocked, id=9192, stack(0x0000005aca700000,0x0000005aca800000)]
  0x0000021e74cffc40 JavaThread "Execution worker Thread 10" [_thread_blocked, id=18768, stack(0x0000005aca800000,0x0000005aca900000)]
  0x0000021e74cfc9a0 JavaThread "Execution worker Thread 11" [_thread_blocked, id=32908, stack(0x0000005aca900000,0x0000005acaa00000)]
  0x0000021e74d00660 JavaThread "Cache worker for execution history cache (C:\betmundial\node_modules\@react-native\gradle-plugin\.gradle\8.14.3\executionHistory)" [_thread_blocked, id=41760, stack(0x0000005acaa00000,0x0000005acab00000)]
  0x0000021e74d00b70 JavaThread "Unconstrained build operations Thread 40" [_thread_blocked, id=37420, stack(0x0000005acab00000,0x0000005acac00000)]
  0x0000021e74d01080 JavaThread "Unconstrained build operations Thread 41" [_thread_blocked, id=18060, stack(0x0000005acac00000,0x0000005acad00000)]
  0x0000021e74d01590 JavaThread "Unconstrained build operations Thread 42" [_thread_blocked, id=42448, stack(0x0000005acad00000,0x0000005acae00000)]
  0x0000021e74d01aa0 JavaThread "Unconstrained build operations Thread 43" [_thread_blocked, id=17672, stack(0x0000005acae00000,0x0000005acaf00000)]
  0x0000021e74d01fb0 JavaThread "Unconstrained build operations Thread 44" [_thread_blocked, id=25232, stack(0x0000005acaf00000,0x0000005acb000000)]
  0x0000021e74d024c0 JavaThread "Unconstrained build operations Thread 45" [_thread_blocked, id=37684, stack(0x0000005acb000000,0x0000005acb100000)]
  0x0000021e750e1ec0 JavaThread "Unconstrained build operations Thread 46" [_thread_blocked, id=21552, stack(0x0000005acb100000,0x0000005acb200000)]
  0x0000021e750e0570 JavaThread "Unconstrained build operations Thread 47" [_thread_blocked, id=19724, stack(0x0000005acb200000,0x0000005acb300000)]
  0x0000021e750e3810 JavaThread "Unconstrained build operations Thread 48" [_thread_blocked, id=49820, stack(0x0000005acb300000,0x0000005acb400000)]
  0x0000021e750e0060 JavaThread "Unconstrained build operations Thread 49" [_thread_blocked, id=51816, stack(0x0000005acb400000,0x0000005acb500000)]
  0x0000021e750e3300 JavaThread "Unconstrained build operations Thread 50" [_thread_blocked, id=6416, stack(0x0000005acb500000,0x0000005acb600000)]
  0x0000021e750e3d20 JavaThread "Unconstrained build operations Thread 51" [_thread_blocked, id=33060, stack(0x0000005acb600000,0x0000005acb700000)]
  0x0000021e750e4230 JavaThread "Unconstrained build operations Thread 52" [_thread_blocked, id=26612, stack(0x0000005acb700000,0x0000005acb800000)]
  0x0000021e750e14a0 JavaThread "Unconstrained build operations Thread 53" [_thread_in_native, id=14632, stack(0x0000005acb800000,0x0000005acb900000)]
  0x0000021e750e0a80 JavaThread "Unconstrained build operations Thread 54" [_thread_blocked, id=34576, stack(0x0000005acb900000,0x0000005acba00000)]
  0x0000021e750e19b0 JavaThread "Unconstrained build operations Thread 55" [_thread_blocked, id=45928, stack(0x0000005acba00000,0x0000005acbb00000)]
  0x0000021e750e4740 JavaThread "Unconstrained build operations Thread 56" [_thread_blocked, id=29020, stack(0x0000005acbb00000,0x0000005acbc00000)]
  0x0000021e750e0f90 JavaThread "Unconstrained build operations Thread 57" [_thread_blocked, id=43188, stack(0x0000005acbc00000,0x0000005acbd00000)]
  0x0000021e750e4c50 JavaThread "Unconstrained build operations Thread 58" [_thread_blocked, id=29532, stack(0x0000005acbd00000,0x0000005acbe00000)]
  0x0000021e750e5160 JavaThread "Unconstrained build operations Thread 59" [_thread_blocked, id=30244, stack(0x0000005acbe00000,0x0000005acbf00000)]
  0x0000021e750e5670 JavaThread "Unconstrained build operations Thread 60" [_thread_blocked, id=45308, stack(0x0000005acbf00000,0x0000005acc000000)]
  0x0000021e750e5b80 JavaThread "Unconstrained build operations Thread 61" [_thread_blocked, id=18976, stack(0x0000005acc000000,0x0000005acc100000)]
  0x0000021e750e23d0 JavaThread "Unconstrained build operations Thread 62" [_thread_blocked, id=37116, stack(0x0000005acc100000,0x0000005acc200000)]
  0x0000021e750e6090 JavaThread "Unconstrained build operations Thread 63" [_thread_blocked, id=11324, stack(0x0000005acc200000,0x0000005acc300000)]
  0x0000021e750e28e0 JavaThread "Unconstrained build operations Thread 64" [_thread_blocked, id=35148, stack(0x0000005acc300000,0x0000005acc400000)]
  0x0000021e750e65a0 JavaThread "Unconstrained build operations Thread 65" [_thread_blocked, id=52020, stack(0x0000005acc400000,0x0000005acc500000)]
  0x0000021e750e2df0 JavaThread "Unconstrained build operations Thread 66" [_thread_blocked, id=37428, stack(0x0000005acc500000,0x0000005acc600000)]
  0x0000021e750e74d0 JavaThread "Unconstrained build operations Thread 67" [_thread_blocked, id=36616, stack(0x0000005acc600000,0x0000005acc700000)]
  0x0000021e750e6ab0 JavaThread "Unconstrained build operations Thread 68" [_thread_blocked, id=41900, stack(0x0000005acc700000,0x0000005acc800000)]
  0x0000021e750e6fc0 JavaThread "Unconstrained build operations Thread 69" [_thread_blocked, id=36720, stack(0x0000005acc800000,0x0000005acc900000)]
  0x0000021e750e79e0 JavaThread "Unconstrained build operations Thread 70" [_thread_blocked, id=50596, stack(0x0000005acc900000,0x0000005acca00000)]
  0x0000021e73d3a5b0 JavaThread "Unconstrained build operations Thread 71" [_thread_blocked, id=18524, stack(0x0000005acca00000,0x0000005accb00000)]
  0x0000021e73d3c920 JavaThread "Unconstrained build operations Thread 72" [_thread_blocked, id=23272, stack(0x0000005accb00000,0x0000005accc00000)]
  0x0000021e73d3aac0 JavaThread "Unconstrained build operations Thread 73" [_thread_blocked, id=33432, stack(0x0000005accc00000,0x0000005accd00000)]
  0x0000021e73d3bf00 JavaThread "Unconstrained build operations Thread 74" [_thread_blocked, id=19580, stack(0x0000005accd00000,0x0000005acce00000)]
  0x0000021e73d3d850 JavaThread "Unconstrained build operations Thread 75" [_thread_blocked, id=49428, stack(0x0000005acce00000,0x0000005accf00000)]
  0x0000021e73d3b4e0 JavaThread "Unconstrained build operations Thread 76" [_thread_blocked, id=14040, stack(0x0000005accf00000,0x0000005acd000000)]
  0x0000021e73d3afd0 JavaThread "Unconstrained build operations Thread 77" [_thread_blocked, id=44936, stack(0x0000005acd000000,0x0000005acd100000)]
  0x0000021e73d3b9f0 JavaThread "Unconstrained build operations Thread 78" [_thread_blocked, id=11252, stack(0x0000005acd100000,0x0000005acd200000)]
  0x0000021e73d3c410 JavaThread "Unconstrained build operations Thread 79" [_thread_blocked, id=13020, stack(0x0000005acd200000,0x0000005acd300000)]
  0x0000021e73d3ce30 JavaThread "Unconstrained build operations Thread 80" [_thread_blocked, id=44768, stack(0x0000005acd300000,0x0000005acd400000)]
  0x0000021e73d3a0a0 JavaThread "Unconstrained build operations Thread 81" [_thread_blocked, id=15624, stack(0x0000005acd400000,0x0000005acd500000)]
  0x0000021e73d3fbc0 JavaThread "Unconstrained build operations Thread 82" [_thread_blocked, id=32884, stack(0x0000005acd500000,0x0000005acd600000)]
  0x0000021e73d400d0 JavaThread "Unconstrained build operations Thread 83" [_thread_blocked, id=21204, stack(0x0000005acd600000,0x0000005acd700000)]
  0x0000021e73d40af0 JavaThread "Unconstrained build operations Thread 84" [_thread_blocked, id=23684, stack(0x0000005acd700000,0x0000005acd800000)]
  0x0000021e73d3e780 JavaThread "Unconstrained build operations Thread 85" [_thread_blocked, id=24196, stack(0x0000005acd800000,0x0000005acd900000)]
  0x0000021e73d3dd60 JavaThread "Unconstrained build operations Thread 86" [_thread_blocked, id=49516, stack(0x0000005acd900000,0x0000005acda00000)]
  0x0000021e73d3e270 JavaThread "Unconstrained build operations Thread 87" [_thread_blocked, id=15856, stack(0x0000005acda00000,0x0000005acdb00000)]
  0x0000021e73d3ec90 JavaThread "Unconstrained build operations Thread 88" [_thread_blocked, id=37120, stack(0x0000005acdb00000,0x0000005acdc00000)]
  0x0000021e73d3d340 JavaThread "Unconstrained build operations Thread 89" [_thread_blocked, id=30456, stack(0x0000005acdc00000,0x0000005acdd00000)]
  0x0000021e73d405e0 JavaThread "Unconstrained build operations Thread 90" [_thread_blocked, id=51136, stack(0x0000005acdd00000,0x0000005acde00000)]
  0x0000021e73d3f1a0 JavaThread "Unconstrained build operations Thread 91" [_thread_blocked, id=47264, stack(0x0000005acde00000,0x0000005acdf00000)]
  0x0000021e73d41000 JavaThread "Unconstrained build operations Thread 92" [_thread_blocked, id=17188, stack(0x0000005acdf00000,0x0000005ace000000)]
  0x0000021e73d41510 JavaThread "Unconstrained build operations Thread 93" [_thread_blocked, id=45528, stack(0x0000005ace000000,0x0000005ace100000)]
  0x0000021e73d41a20 JavaThread "Unconstrained build operations Thread 94" [_thread_blocked, id=34232, stack(0x0000005ace100000,0x0000005ace200000)]
  0x0000021e73d3f6b0 JavaThread "Unconstrained build operations Thread 95" [_thread_blocked, id=36080, stack(0x0000005ace200000,0x0000005ace300000)]
  0x0000021e73d85310 JavaThread "Unconstrained build operations Thread 96" [_thread_blocked, id=42192, stack(0x0000005ace300000,0x0000005ace400000)]
  0x0000021e73d87b90 JavaThread "Unconstrained build operations Thread 97" [_thread_blocked, id=34248, stack(0x0000005ace400000,0x0000005ace500000)]
  0x0000021e73d85820 JavaThread "Unconstrained build operations Thread 98" [_thread_blocked, id=46516, stack(0x0000005ace500000,0x0000005ace600000)]
  0x0000021e73d87170 JavaThread "Unconstrained build operations Thread 99" [_thread_blocked, id=23140, stack(0x0000005ace600000,0x0000005ace700000)]
  0x0000021e73d85d30 JavaThread "Unconstrained build operations Thread 100" [_thread_blocked, id=18552, stack(0x0000005ace700000,0x0000005ace800000)]
  0x0000021e73d86750 JavaThread "Unconstrained build operations Thread 101" [_thread_blocked, id=49216, stack(0x0000005ace800000,0x0000005ace900000)]
  0x0000021e73d84e00 JavaThread "Unconstrained build operations Thread 102" [_thread_blocked, id=39804, stack(0x0000005ace900000,0x0000005acea00000)]
  0x0000021e73d848f0 JavaThread "Unconstrained build operations Thread 103" [_thread_blocked, id=49940, stack(0x0000005acea00000,0x0000005aceb00000)]
  0x0000021e73d86240 JavaThread "Unconstrained build operations Thread 104" [_thread_blocked, id=42692, stack(0x0000005aceb00000,0x0000005acec00000)]
  0x0000021e73d87680 JavaThread "Unconstrained build operations Thread 105" [_thread_blocked, id=48780, stack(0x0000005acec00000,0x0000005aced00000)]
  0x0000021e73d843e0 JavaThread "Unconstrained build operations Thread 106" [_thread_blocked, id=6684, stack(0x0000005aced00000,0x0000005acee00000)]
  0x0000021e73d885b0 JavaThread "Unconstrained build operations Thread 107" [_thread_blocked, id=34472, stack(0x0000005acee00000,0x0000005acef00000)]
  0x0000021e73d86c60 JavaThread "Unconstrained build operations Thread 108" [_thread_blocked, id=49168, stack(0x0000005acef00000,0x0000005acf000000)]
  0x0000021e73d8b850 JavaThread "Unconstrained build operations Thread 109" [_thread_blocked, id=52740, stack(0x0000005acf000000,0x0000005acf100000)]
  0x0000021e73d88fd0 JavaThread "Unconstrained build operations Thread 110" [_thread_blocked, id=24732, stack(0x0000005acf100000,0x0000005acf200000)]
  0x0000021e73d8b340 JavaThread "Unconstrained build operations Thread 111" [_thread_blocked, id=23340, stack(0x0000005acf200000,0x0000005acf300000)]
  0x0000021e73d88ac0 JavaThread "Unconstrained build operations Thread 112" [_thread_blocked, id=36484, stack(0x0000005acf300000,0x0000005acf400000)]
  0x0000021e73d89f00 JavaThread "Unconstrained build operations Thread 113" [_thread_blocked, id=19836, stack(0x0000005acf400000,0x0000005acf500000)]
  0x0000021e73d8ae30 JavaThread "Unconstrained build operations Thread 114" [_thread_blocked, id=48240, stack(0x0000005acf500000,0x0000005acf600000)]
  0x0000021e73d8a410 JavaThread "jar transforms Thread 2" [_thread_blocked, id=31452, stack(0x0000005ac9000000,0x0000005ac9100000)]
  0x0000021e73d880a0 JavaThread "Exec process" [_thread_blocked, id=22332, stack(0x0000005acf600000,0x0000005acf700000)]
  0x0000021e73d894e0 JavaThread "Exec process Thread 2" [_thread_blocked, id=48668, stack(0x0000005acf700000,0x0000005acf800000)]
  0x0000021e73d899f0 JavaThread "Exec process Thread 3" [_thread_blocked, id=36444, stack(0x0000005acf800000,0x0000005acf900000)]
  0x0000021e73d8a920 JavaThread "jar transforms Thread 3" [_thread_blocked, id=49220, stack(0x0000005acf900000,0x0000005acfa00000)]
  0x0000021e73d8bd60 JavaThread "Unconstrained build operations Thread 115" [_thread_blocked, id=18964, stack(0x0000005acfa00000,0x0000005acfb00000)]
  0x0000021e740bc630 JavaThread "Unconstrained build operations Thread 116" [_thread_blocked, id=32688, stack(0x0000005acfb00000,0x0000005acfc00000)]
  0x0000021e71e38470 JavaThread "Unconstrained build operations Thread 117" [_thread_blocked, id=13584, stack(0x0000005acfc00000,0x0000005acfd00000)]
  0x0000021e71e37540 JavaThread "Unconstrained build operations Thread 118" [_thread_blocked, id=41260, stack(0x0000005acfd00000,0x0000005acfe00000)]
  0x0000021e71e393a0 JavaThread "Unconstrained build operations Thread 119" [_thread_blocked, id=42264, stack(0x0000005acfe00000,0x0000005acff00000)]
  0x0000021e71e398b0 JavaThread "Unconstrained build operations Thread 120" [_thread_blocked, id=36672, stack(0x0000005acff00000,0x0000005ad0000000)]
  0x0000021e71e37f60 JavaThread "jar transforms Thread 4" [_thread_blocked, id=48220, stack(0x0000005ad0100000,0x0000005ad0200000)]
  0x0000021e71e3a7e0 JavaThread "jar transforms Thread 5" [_thread_blocked, id=16980, stack(0x0000005ad0000000,0x0000005ad0100000)]
  0x0000021e71e37a50 JavaThread "jar transforms Thread 6" [_thread_blocked, id=43564, stack(0x0000005ad0200000,0x0000005ad0300000)]
  0x0000021e71e3acf0 JavaThread "build event listener" [_thread_blocked, id=18096, stack(0x0000005ad0300000,0x0000005ad0400000)]
  0x0000021e71e38980 JavaThread "Problems report writer" [_thread_blocked, id=42372, stack(0x0000005ad0400000,0x0000005ad0500000)]
  0x0000021e71e3da80 JavaThread "jar transforms Thread 7" [_thread_blocked, id=29900, stack(0x0000005ad0600000,0x0000005ad0700000)]
  0x0000021e71e3cb50 JavaThread "jar transforms Thread 8" [_thread_blocked, id=39704, stack(0x0000005ad0700000,0x0000005ad0800000)]
  0x0000021e71e3d060 JavaThread "jar transforms Thread 9" [_thread_blocked, id=42664, stack(0x0000005ad0800000,0x0000005ad0900000)]
  0x0000021e7ae8c830 JavaThread "jar transforms Thread 10" [_thread_blocked, id=34832, stack(0x0000005ad0900000,0x0000005ad0a00000)]
  0x0000021e7ae8d760 JavaThread "jar transforms Thread 11" [_thread_blocked, id=29932, stack(0x0000005ad0a00000,0x0000005ad0b00000)]
  0x0000021e7ae8fad0 JavaThread "jar transforms Thread 12" [_thread_blocked, id=22368, stack(0x0000005ad0b00000,0x0000005ad0c00000)]
  0x0000021e7ae92350 JavaThread "Cache worker for execution history cache (C:\betmundial\android\.gradle\8.14.3\executionHistory)" [_thread_blocked, id=51412, stack(0x0000005ad0f00000,0x0000005ad1000000)]
  0x0000021e7ae904f0 JavaThread "WorkerExecutor Queue" [_thread_blocked, id=34712, stack(0x0000005ad1000000,0x0000005ad1100000)]
  0x0000021e7ae93790 JavaThread "WorkerExecutor Queue Thread 2" [_thread_blocked, id=18796, stack(0x0000005ad1100000,0x0000005ad1200000)]
  0x0000021e7ae92d70 JavaThread "WorkerExecutor Queue Thread 3" [_thread_blocked, id=39528, stack(0x0000005ad1200000,0x0000005ad1300000)]
  0x0000021e7ae93ca0 JavaThread "WorkerExecutor Queue Thread 4" [_thread_blocked, id=15552, stack(0x0000005ad1300000,0x0000005ad1400000)]
  0x0000021e7ae941b0 JavaThread "WorkerExecutor Queue Thread 5" [_thread_blocked, id=23012, stack(0x0000005ad1400000,0x0000005ad1500000)]
  0x0000021e71e3c640 JavaThread "WorkerExecutor Queue Thread 6" [_thread_blocked, id=2472, stack(0x0000005ad1500000,0x0000005ad1600000)]
  0x0000021e71e3bc20 JavaThread "WorkerExecutor Queue Thread 7" [_thread_blocked, id=19184, stack(0x0000005ad1600000,0x0000005ad1700000)]
  0x0000021e7f3ed850 JavaThread "WorkerExecutor Queue Thread 8" [_thread_blocked, id=51324, stack(0x0000005ad1700000,0x0000005ad1800000)]
  0x0000021e7f3edd60 JavaThread "WorkerExecutor Queue Thread 9" [_thread_blocked, id=44928, stack(0x0000005ad1800000,0x0000005ad1900000)]
  0x0000021e7f3eb9f0 JavaThread "WorkerExecutor Queue Thread 10" [_thread_blocked, id=11056, stack(0x0000005ad1900000,0x0000005ad1a00000)]
  0x0000021e7f3ed340 JavaThread "WorkerExecutor Queue Thread 11" [_thread_blocked, id=11584, stack(0x0000005ad1a00000,0x0000005ad1b00000)]
  0x0000021e7f3ee270 JavaThread "WorkerExecutor Queue Thread 12" [_thread_blocked, id=7104, stack(0x0000005ad1b00000,0x0000005ad1c00000)]
  0x0000021e6f2ee700 JavaThread "C2 CompilerThread1" daemon [_thread_blocked, id=15476, stack(0x0000005ac2d00000,0x0000005ac2e00000)]
  0x0000021e6f2f36b0 JavaThread "C2 CompilerThread2" daemon [_thread_in_native, id=32464, stack(0x0000005ac2e00000,0x0000005ac2f00000)]

Other Threads:
  0x0000021e4ed7bce0 VMThread "VM Thread" [stack: 0x0000005ac3600000,0x0000005ac3700000] [id=36872]
  0x0000021e6e1ff200 WatcherThread [stack: 0x0000005ac4300000,0x0000005ac4400000] [id=34568]
  0x0000021e304765c0 GCTaskThread "GC Thread#0" [stack: 0x0000005ac3100000,0x0000005ac3200000] [id=20528]
  0x0000021e6ead7610 GCTaskThread "GC Thread#1" [stack: 0x0000005ac4500000,0x0000005ac4600000] [id=48520]
  0x0000021e6e4f3b40 GCTaskThread "GC Thread#2" [stack: 0x0000005ac4600000,0x0000005ac4700000] [id=15640]
  0x0000021e6e4f3e00 GCTaskThread "GC Thread#3" [stack: 0x0000005ac4700000,0x0000005ac4800000] [id=22732]
  0x0000021e6e4ff2e0 GCTaskThread "GC Thread#4" [stack: 0x0000005ac4800000,0x0000005ac4900000] [id=7296]
  0x0000021e6e4ff5a0 GCTaskThread "GC Thread#5" [stack: 0x0000005ac4900000,0x0000005ac4a00000] [id=3316]
  0x0000021e7370e660 GCTaskThread "GC Thread#6" [stack: 0x0000005ac5900000,0x0000005ac5a00000] [id=34304]
  0x0000021e7370d060 GCTaskThread "GC Thread#7" [stack: 0x0000005ac5a00000,0x0000005ac5b00000] [id=51248]
  0x0000021e7370db60 GCTaskThread "GC Thread#8" [stack: 0x0000005ac5b00000,0x0000005ac5c00000] [id=13228]
  0x0000021e7370e920 GCTaskThread "GC Thread#9" [stack: 0x0000005ac5c00000,0x0000005ac5d00000] [id=5648]
  0x0000021e2e17c650 ConcurrentGCThread "G1 Main Marker" [stack: 0x0000005ac3200000,0x0000005ac3300000] [id=33596]
  0x0000021e2e17ce80 ConcurrentGCThread "G1 Conc#0" [stack: 0x0000005ac3300000,0x0000005ac3400000] [id=17064]
  0x0000021e7370e0e0 ConcurrentGCThread "G1 Conc#1" [stack: 0x0000005ac5d00000,0x0000005ac5e00000] [id=43624]
  0x0000021e7370de20 ConcurrentGCThread "G1 Conc#2" [stack: 0x0000005ac5e00000,0x0000005ac5f00000] [id=33528]
  0x0000021e4ec381a0 ConcurrentGCThread "G1 Refine#0" [stack: 0x0000005ac3400000,0x0000005ac3500000] [id=33760]
  0x0000021e6e613cf0 ConcurrentGCThread "G1 Refine#1" [stack: 0x0000005ac4a00000,0x0000005ac4b00000] [id=26004]
  0x0000021e4ec39890 ConcurrentGCThread "G1 Service" [stack: 0x0000005ac3500000,0x0000005ac3600000] [id=21184]

Threads with active compile tasks:
C2 CompilerThread0    67199 20814       4       org.gradle.cache.internal.DefaultMultiProcessSafeIndexedCache$$Lambda$479/0x0000021e5043fa00::run (16 bytes)
C2 CompilerThread2    67199 20815   !   4       org.gradle.cache.internal.btree.BTreePersistentIndexedCache::put (176 bytes)

VM state: not at safepoint (normal execution)

VM Mutex/Monitor currently owned by a thread: None

Heap address: 0x0000000080000000, size: 2048 MB, Compressed Oops mode: 32-bit

CDS archive(s) mapped at: [0x0000021e4f000000-0x0000021e4fbb0000-0x0000021e4fbb0000), size 12255232, SharedBaseAddress: 0x0000021e4f000000, ArchiveRelocationMode: 1.
Compressed class space mapped at: 0x0000021e50000000-0x0000021e6a000000, reserved size: 436207616
Narrow klass base: 0x0000021e4f000000, Narrow klass shift: 0, Narrow klass range: 0x100000000

GC Precious Log:
 CPUs: 12 total, 12 available
 Memory: 16027M
 Large Page Support: Disabled
 NUMA Support: Disabled
 Compressed Oops: Enabled (32-bit)
 Heap Region Size: 1M
 Heap Min Capacity: 8M
 Heap Initial Capacity: 252M
 Heap Max Capacity: 2G
 Pre-touch: Disabled
 Parallel Workers: 10
 Concurrent Workers: 3
 Concurrent Refinement Workers: 10
 Periodic GC: Disabled

Heap:
 garbage-first heap   total 428032K, used 355331K [0x0000000080000000, 0x0000000100000000)
  region size 1024K, 29 young (29696K), 4 survivors (4096K)
 Metaspace       used 126025K, committed 128000K, reserved 557056K
  class space    used 17299K, committed 18176K, reserved 425984K

Heap Regions: E=young(eden), S=young(survivor), O=old, HS=humongous(starts), HC=humongous(continues), CS=collection set, F=free, OA=open archive, CA=closed archive, TAMS=top-at-mark-start (previous, next)
|   0|0x0000000080000000, 0x0000000080100000, 0x0000000080100000|100%|HS|  |TAMS 0x0000000080100000, 0x0000000080000000| Complete 
|   1|0x0000000080100000, 0x0000000080200000, 0x0000000080200000|100%|HC|  |TAMS 0x0000000080200000, 0x0000000080100000| Complete 
|   2|0x0000000080200000, 0x0000000080300000, 0x0000000080300000|100%|HC|  |TAMS 0x0000000080300000, 0x0000000080200000| Complete 
|   3|0x0000000080300000, 0x0000000080400000, 0x0000000080400000|100%| O|  |TAMS 0x0000000080400000, 0x0000000080300000| Untracked 
|   4|0x0000000080400000, 0x0000000080500000, 0x0000000080500000|100%| O|  |TAMS 0x0000000080500000, 0x0000000080400000| Untracked 
|   5|0x0000000080500000, 0x0000000080600000, 0x0000000080600000|100%| O|  |TAMS 0x0000000080600000, 0x0000000080500000| Untracked 
|   6|0x0000000080600000, 0x0000000080700000, 0x0000000080700000|100%|HS|  |TAMS 0x0000000080700000, 0x0000000080600000| Complete 
|   7|0x0000000080700000, 0x0000000080800000, 0x0000000080800000|100%| O|  |TAMS 0x0000000080800000, 0x0000000080700000| Untracked 
|   8|0x0000000080800000, 0x0000000080900000, 0x0000000080900000|100%| O|  |TAMS 0x0000000080900000, 0x0000000080800000| Untracked 
|   9|0x0000000080900000, 0x0000000080a00000, 0x0000000080a00000|100%| O|  |TAMS 0x0000000080a00000, 0x0000000080900000| Untracked 
|  10|0x0000000080a00000, 0x0000000080b00000, 0x0000000080b00000|100%| O|  |TAMS 0x0000000080b00000, 0x0000000080a00000| Untracked 
|  11|0x0000000080b00000, 0x0000000080c00000, 0x0000000080c00000|100%| O|  |TAMS 0x0000000080c00000, 0x0000000080b00000| Untracked 
|  12|0x0000000080c00000, 0x0000000080d00000, 0x0000000080d00000|100%| O|  |TAMS 0x0000000080d00000, 0x0000000080c00000| Untracked 
|  13|0x0000000080d00000, 0x0000000080e00000, 0x0000000080e00000|100%| O|  |TAMS 0x0000000080e00000, 0x0000000080d00000| Untracked 
|  14|0x0000000080e00000, 0x0000000080f00000, 0x0000000080f00000|100%| O|  |TAMS 0x0000000080f00000, 0x0000000080e00000| Untracked 
|  15|0x0000000080f00000, 0x0000000081000000, 0x0000000081000000|100%| O|  |TAMS 0x0000000081000000, 0x0000000080f00000| Untracked 
|  16|0x0000000081000000, 0x0000000081100000, 0x0000000081100000|100%| O|  |TAMS 0x0000000081100000, 0x0000000081000000| Untracked 
|  17|0x0000000081100000, 0x0000000081200000, 0x0000000081200000|100%| O|  |TAMS 0x0000000081200000, 0x0000000081100000| Untracked 
|  18|0x0000000081200000, 0x0000000081300000, 0x0000000081300000|100%| O|  |TAMS 0x0000000081300000, 0x0000000081200000| Untracked 
|  19|0x0000000081300000, 0x0000000081400000, 0x0000000081400000|100%| O|  |TAMS 0x0000000081400000, 0x0000000081300000| Untracked 
|  20|0x0000000081400000, 0x0000000081500000, 0x0000000081500000|100%| O|  |TAMS 0x0000000081500000, 0x0000000081400000| Untracked 
|  21|0x0000000081500000, 0x0000000081600000, 0x0000000081600000|100%| O|  |TAMS 0x0000000081600000, 0x0000000081500000| Untracked 
|  22|0x0000000081600000, 0x0000000081700000, 0x0000000081700000|100%| O|  |TAMS 0x0000000081700000, 0x0000000081600000| Untracked 
|  23|0x0000000081700000, 0x0000000081800000, 0x0000000081800000|100%|HS|  |TAMS 0x0000000081800000, 0x0000000081700000| Complete 
|  24|0x0000000081800000, 0x0000000081900000, 0x0000000081900000|100%|HC|  |TAMS 0x0000000081900000, 0x0000000081800000| Complete 
|  25|0x0000000081900000, 0x0000000081a00000, 0x0000000081a00000|100%|HC|  |TAMS 0x0000000081a00000, 0x0000000081900000| Complete 
|  26|0x0000000081a00000, 0x0000000081b00000, 0x0000000081b00000|100%| O|  |TAMS 0x0000000081b00000, 0x0000000081a00000| Untracked 
|  27|0x0000000081b00000, 0x0000000081c00000, 0x0000000081c00000|100%| O|  |TAMS 0x0000000081c00000, 0x0000000081b00000| Untracked 
|  28|0x0000000081c00000, 0x0000000081d00000, 0x0000000081d00000|100%| O|  |TAMS 0x0000000081d00000, 0x0000000081c00000| Untracked 
|  29|0x0000000081d00000, 0x0000000081e00000, 0x0000000081e00000|100%| O|  |TAMS 0x0000000081e00000, 0x0000000081d00000| Untracked 
|  30|0x0000000081e00000, 0x0000000081f00000, 0x0000000081f00000|100%| O|  |TAMS 0x0000000081f00000, 0x0000000081e00000| Untracked 
|  31|0x0000000081f00000, 0x0000000082000000, 0x0000000082000000|100%| O|  |TAMS 0x0000000082000000, 0x0000000081f00000| Untracked 
|  32|0x0000000082000000, 0x0000000082100000, 0x0000000082100000|100%| O|  |TAMS 0x0000000082100000, 0x0000000082000000| Untracked 
|  33|0x0000000082100000, 0x0000000082200000, 0x0000000082200000|100%| O|  |TAMS 0x0000000082200000, 0x0000000082100000| Untracked 
|  34|0x0000000082200000, 0x0000000082300000, 0x0000000082300000|100%| O|  |TAMS 0x0000000082300000, 0x0000000082200000| Untracked 
|  35|0x0000000082300000, 0x0000000082400000, 0x0000000082400000|100%| O|  |TAMS 0x0000000082400000, 0x0000000082300000| Untracked 
|  36|0x0000000082400000, 0x0000000082500000, 0x0000000082500000|100%| O|  |TAMS 0x0000000082500000, 0x0000000082400000| Untracked 
|  37|0x0000000082500000, 0x0000000082600000, 0x0000000082600000|100%|HS|  |TAMS 0x0000000082600000, 0x0000000082500000| Complete 
|  38|0x0000000082600000, 0x0000000082700000, 0x0000000082700000|100%|HC|  |TAMS 0x0000000082700000, 0x0000000082600000| Complete 
|  39|0x0000000082700000, 0x0000000082800000, 0x0000000082800000|100%|HC|  |TAMS 0x0000000082800000, 0x0000000082700000| Complete 
|  40|0x0000000082800000, 0x0000000082900000, 0x0000000082900000|100%| O|  |TAMS 0x0000000082900000, 0x0000000082800000| Untracked 
|  41|0x0000000082900000, 0x0000000082a00000, 0x0000000082a00000|100%| O|  |TAMS 0x0000000082a00000, 0x0000000082900000| Untracked 
|  42|0x0000000082a00000, 0x0000000082b00000, 0x0000000082b00000|100%| O|  |TAMS 0x0000000082b00000, 0x0000000082a00000| Untracked 
|  43|0x0000000082b00000, 0x0000000082c00000, 0x0000000082c00000|100%| O|  |TAMS 0x0000000082c00000, 0x0000000082b00000| Untracked 
|  44|0x0000000082c00000, 0x0000000082d00000, 0x0000000082d00000|100%| O|  |TAMS 0x0000000082d00000, 0x0000000082c00000| Untracked 
|  45|0x0000000082d00000, 0x0000000082e00000, 0x0000000082e00000|100%| O|  |TAMS 0x0000000082e00000, 0x0000000082d00000| Untracked 
|  46|0x0000000082e00000, 0x0000000082f00000, 0x0000000082f00000|100%| O|  |TAMS 0x0000000082f00000, 0x0000000082e00000| Untracked 
|  47|0x0000000082f00000, 0x0000000083000000, 0x0000000083000000|100%| O|  |TAMS 0x0000000083000000, 0x0000000082f00000| Untracked 
|  48|0x0000000083000000, 0x0000000083100000, 0x0000000083100000|100%| O|  |TAMS 0x0000000083100000, 0x0000000083000000| Untracked 
|  49|0x0000000083100000, 0x0000000083200000, 0x0000000083200000|100%|HS|  |TAMS 0x0000000083200000, 0x0000000083100000| Complete 
|  50|0x0000000083200000, 0x0000000083300000, 0x0000000083300000|100%| O|  |TAMS 0x0000000083300000, 0x0000000083200000| Untracked 
|  51|0x0000000083300000, 0x0000000083400000, 0x0000000083400000|100%| O|  |TAMS 0x0000000083400000, 0x0000000083300000| Untracked 
|  52|0x0000000083400000, 0x0000000083500000, 0x0000000083500000|100%| O|  |TAMS 0x0000000083400000, 0x0000000083400000| Untracked 
|  53|0x0000000083500000, 0x0000000083600000, 0x0000000083600000|100%| O|  |TAMS 0x0000000083600000, 0x0000000083500000| Untracked 
|  54|0x0000000083600000, 0x0000000083700000, 0x0000000083700000|100%| O|  |TAMS 0x0000000083700000, 0x0000000083600000| Untracked 
|  55|0x0000000083700000, 0x0000000083800000, 0x0000000083800000|100%| O|  |TAMS 0x0000000083800000, 0x0000000083700000| Untracked 
|  56|0x0000000083800000, 0x0000000083900000, 0x0000000083900000|100%| O|  |TAMS 0x0000000083900000, 0x0000000083800000| Untracked 
|  57|0x0000000083900000, 0x0000000083a00000, 0x0000000083a00000|100%| O|  |TAMS 0x0000000083a00000, 0x0000000083900000| Untracked 
|  58|0x0000000083a00000, 0x0000000083b00000, 0x0000000083b00000|100%| O|  |TAMS 0x0000000083b00000, 0x0000000083a00000| Untracked 
|  59|0x0000000083b00000, 0x0000000083c00000, 0x0000000083c00000|100%| O|  |TAMS 0x0000000083c00000, 0x0000000083b00000| Untracked 
|  60|0x0000000083c00000, 0x0000000083d00000, 0x0000000083d00000|100%| O|  |TAMS 0x0000000083d00000, 0x0000000083c00000| Untracked 
|  61|0x0000000083d00000, 0x0000000083e00000, 0x0000000083e00000|100%| O|  |TAMS 0x0000000083e00000, 0x0000000083d00000| Untracked 
|  62|0x0000000083e00000, 0x0000000083f00000, 0x0000000083f00000|100%| O|  |TAMS 0x0000000083f00000, 0x0000000083e00000| Untracked 
|  63|0x0000000083f00000, 0x0000000084000000, 0x0000000084000000|100%| O|  |TAMS 0x0000000084000000, 0x0000000083f00000| Untracked 
|  64|0x0000000084000000, 0x0000000084100000, 0x0000000084100000|100%| O|  |TAMS 0x0000000084100000, 0x0000000084000000| Untracked 
|  65|0x0000000084100000, 0x0000000084200000, 0x0000000084200000|100%| O|  |TAMS 0x0000000084200000, 0x0000000084100000| Untracked 
|  66|0x0000000084200000, 0x0000000084300000, 0x0000000084300000|100%| O|  |TAMS 0x0000000084300000, 0x0000000084200000| Untracked 
|  67|0x0000000084300000, 0x0000000084400000, 0x0000000084400000|100%| O|  |TAMS 0x0000000084400000, 0x0000000084300000| Untracked 
|  68|0x0000000084400000, 0x0000000084500000, 0x0000000084500000|100%| O|  |TAMS 0x0000000084500000, 0x0000000084400000| Untracked 
|  69|0x0000000084500000, 0x0000000084600000, 0x0000000084600000|100%| O|  |TAMS 0x0000000084600000, 0x0000000084500000| Untracked 
|  70|0x0000000084600000, 0x0000000084700000, 0x0000000084700000|100%| O|  |TAMS 0x0000000084700000, 0x0000000084600000| Untracked 
|  71|0x0000000084700000, 0x0000000084800000, 0x0000000084800000|100%| O|  |TAMS 0x0000000084700000, 0x0000000084700000| Untracked 
|  72|0x0000000084800000, 0x0000000084900000, 0x0000000084900000|100%|HS|  |TAMS 0x0000000084900000, 0x0000000084800000| Complete 
|  73|0x0000000084900000, 0x0000000084a00000, 0x0000000084a00000|100%|HS|  |TAMS 0x0000000084a00000, 0x0000000084900000| Complete 
|  74|0x0000000084a00000, 0x0000000084b00000, 0x0000000084b00000|100%|HS|  |TAMS 0x0000000084b00000, 0x0000000084a00000| Complete 
|  75|0x0000000084b00000, 0x0000000084c00000, 0x0000000084c00000|100%|HS|  |TAMS 0x0000000084c00000, 0x0000000084b00000| Complete 
|  76|0x0000000084c00000, 0x0000000084d00000, 0x0000000084d00000|100%| O|  |TAMS 0x0000000084d00000, 0x0000000084c00000| Untracked 
|  77|0x0000000084d00000, 0x0000000084e00000, 0x0000000084e00000|100%|HS|  |TAMS 0x0000000084e00000, 0x0000000084d00000| Complete 
|  78|0x0000000084e00000, 0x0000000084f00000, 0x0000000084f00000|100%|HS|  |TAMS 0x0000000084f00000, 0x0000000084e00000| Complete 
|  79|0x0000000084f00000, 0x0000000085000000, 0x0000000085000000|100%| O|  |TAMS 0x0000000085000000, 0x0000000084f00000| Untracked 
|  80|0x0000000085000000, 0x0000000085100000, 0x0000000085100000|100%| O|  |TAMS 0x0000000085100000, 0x0000000085000000| Untracked 
|  81|0x0000000085100000, 0x0000000085200000, 0x0000000085200000|100%| O|  |TAMS 0x0000000085200000, 0x0000000085100000| Untracked 
|  82|0x0000000085200000, 0x0000000085300000, 0x0000000085300000|100%| O|  |TAMS 0x0000000085300000, 0x0000000085200000| Untracked 
|  83|0x0000000085300000, 0x0000000085400000, 0x0000000085400000|100%| O|  |TAMS 0x0000000085400000, 0x0000000085300000| Untracked 
|  84|0x0000000085400000, 0x0000000085500000, 0x0000000085500000|100%| O|  |TAMS 0x0000000085500000, 0x0000000085400000| Untracked 
|  85|0x0000000085500000, 0x0000000085600000, 0x0000000085600000|100%| O|  |TAMS 0x0000000085600000, 0x0000000085500000| Untracked 
|  86|0x0000000085600000, 0x0000000085700000, 0x0000000085700000|100%| O|  |TAMS 0x0000000085700000, 0x0000000085600000| Untracked 
|  87|0x0000000085700000, 0x0000000085800000, 0x0000000085800000|100%| O|  |TAMS 0x0000000085800000, 0x0000000085700000| Untracked 
|  88|0x0000000085800000, 0x0000000085900000, 0x0000000085900000|100%| O|  |TAMS 0x0000000085900000, 0x0000000085800000| Untracked 
|  89|0x0000000085900000, 0x0000000085a00000, 0x0000000085a00000|100%| O|  |TAMS 0x0000000085a00000, 0x0000000085900000| Untracked 
|  90|0x0000000085a00000, 0x0000000085b00000, 0x0000000085b00000|100%| O|  |TAMS 0x0000000085b00000, 0x0000000085a00000| Untracked 
|  91|0x0000000085b00000, 0x0000000085c00000, 0x0000000085c00000|100%| O|  |TAMS 0x0000000085c00000, 0x0000000085b00000| Untracked 
|  92|0x0000000085c00000, 0x0000000085d00000, 0x0000000085d00000|100%| O|  |TAMS 0x0000000085d00000, 0x0000000085c00000| Untracked 
|  93|0x0000000085d00000, 0x0000000085e00000, 0x0000000085e00000|100%| O|  |TAMS 0x0000000085e00000, 0x0000000085d00000| Untracked 
|  94|0x0000000085e00000, 0x0000000085f00000, 0x0000000085f00000|100%| O|  |TAMS 0x0000000085f00000, 0x0000000085e00000| Untracked 
|  95|0x0000000085f00000, 0x0000000086000000, 0x0000000086000000|100%|HS|  |TAMS 0x0000000086000000, 0x0000000085f00000| Complete 
|  96|0x0000000086000000, 0x0000000086100000, 0x0000000086100000|100%|HC|  |TAMS 0x0000000086100000, 0x0000000086000000| Complete 
|  97|0x0000000086100000, 0x0000000086200000, 0x0000000086200000|100%|HC|  |TAMS 0x0000000086200000, 0x0000000086100000| Complete 
|  98|0x0000000086200000, 0x0000000086300000, 0x0000000086300000|100%| O|  |TAMS 0x0000000086300000, 0x0000000086200000| Untracked 
|  99|0x0000000086300000, 0x0000000086400000, 0x0000000086400000|100%| O|  |TAMS 0x0000000086400000, 0x0000000086300000| Untracked 
| 100|0x0000000086400000, 0x0000000086500000, 0x0000000086500000|100%| O|  |TAMS 0x0000000086500000, 0x0000000086400000| Untracked 
| 101|0x0000000086500000, 0x0000000086600000, 0x0000000086600000|100%| O|  |TAMS 0x0000000086600000, 0x0000000086500000| Untracked 
| 102|0x0000000086600000, 0x0000000086700000, 0x0000000086700000|100%| O|  |TAMS 0x0000000086700000, 0x0000000086600000| Untracked 
| 103|0x0000000086700000, 0x0000000086800000, 0x0000000086800000|100%| O|  |TAMS 0x0000000086800000, 0x0000000086700000| Untracked 
| 104|0x0000000086800000, 0x0000000086900000, 0x0000000086900000|100%| O|  |TAMS 0x0000000086900000, 0x0000000086800000| Untracked 
| 105|0x0000000086900000, 0x0000000086a00000, 0x0000000086a00000|100%| O|  |TAMS 0x0000000086a00000, 0x0000000086900000| Untracked 
| 106|0x0000000086a00000, 0x0000000086b00000, 0x0000000086b00000|100%| O|  |TAMS 0x0000000086a00000, 0x0000000086a00000| Untracked 
| 107|0x0000000086b00000, 0x0000000086c00000, 0x0000000086c00000|100%| O|  |TAMS 0x0000000086c00000, 0x0000000086b00000| Untracked 
| 108|0x0000000086c00000, 0x0000000086d00000, 0x0000000086d00000|100%| O|  |TAMS 0x0000000086d00000, 0x0000000086c00000| Untracked 
| 109|0x0000000086d00000, 0x0000000086e00000, 0x0000000086e00000|100%| O|  |TAMS 0x0000000086d00000, 0x0000000086d00000| Untracked 
| 110|0x0000000086e00000, 0x0000000086f00000, 0x0000000086f00000|100%| O|  |TAMS 0x0000000086e00000, 0x0000000086e00000| Untracked 
| 111|0x0000000086f00000, 0x0000000087000000, 0x0000000087000000|100%| O|  |TAMS 0x0000000086f00000, 0x0000000086f00000| Untracked 
| 112|0x0000000087000000, 0x0000000087100000, 0x0000000087100000|100%| O|  |TAMS 0x0000000087000000, 0x0000000087000000| Untracked 
| 113|0x0000000087100000, 0x0000000087200000, 0x0000000087200000|100%| O|  |TAMS 0x0000000087100000, 0x0000000087100000| Untracked 
| 114|0x0000000087200000, 0x0000000087300000, 0x0000000087300000|100%|HS|  |TAMS 0x0000000087200000, 0x0000000087200000| Complete 
| 115|0x0000000087300000, 0x0000000087400000, 0x0000000087400000|100%|HS|  |TAMS 0x0000000087300000, 0x0000000087300000| Complete 
| 116|0x0000000087400000, 0x0000000087500000, 0x0000000087500000|100%| O|  |TAMS 0x0000000087400000, 0x0000000087400000| Untracked 
| 117|0x0000000087500000, 0x0000000087600000, 0x0000000087600000|100%| O|  |TAMS 0x0000000087500000, 0x0000000087500000| Untracked 
| 118|0x0000000087600000, 0x0000000087700000, 0x0000000087700000|100%| O|  |TAMS 0x0000000087600000, 0x0000000087600000| Untracked 
| 119|0x0000000087700000, 0x0000000087800000, 0x0000000087800000|100%| O|  |TAMS 0x0000000087700000, 0x0000000087700000| Untracked 
| 120|0x0000000087800000, 0x0000000087900000, 0x0000000087900000|100%| O|  |TAMS 0x0000000087800000, 0x0000000087800000| Untracked 
| 121|0x0000000087900000, 0x0000000087a00000, 0x0000000087a00000|100%| O|  |TAMS 0x0000000087900000, 0x0000000087900000| Untracked 
| 122|0x0000000087a00000, 0x0000000087b00000, 0x0000000087b00000|100%| O|  |TAMS 0x0000000087a00000, 0x0000000087a00000| Untracked 
| 123|0x0000000087b00000, 0x0000000087c00000, 0x0000000087c00000|100%| O|  |TAMS 0x0000000087b00000, 0x0000000087b00000| Untracked 
| 124|0x0000000087c00000, 0x0000000087d00000, 0x0000000087d00000|100%| O|  |TAMS 0x0000000087c00000, 0x0000000087c00000| Untracked 
| 125|0x0000000087d00000, 0x0000000087e00000, 0x0000000087e00000|100%| O|  |TAMS 0x0000000087d00000, 0x0000000087d00000| Untracked 
| 126|0x0000000087e00000, 0x0000000087f00000, 0x0000000087f00000|100%| O|  |TAMS 0x0000000087e00000, 0x0000000087e00000| Untracked 
| 127|0x0000000087f00000, 0x0000000088000000, 0x0000000088000000|100%| O|  |TAMS 0x0000000087f00000, 0x0000000087f00000| Untracked 
| 128|0x0000000088000000, 0x0000000088100000, 0x0000000088100000|100%| O|  |TAMS 0x0000000088000000, 0x0000000088000000| Untracked 
| 129|0x0000000088100000, 0x0000000088200000, 0x0000000088200000|100%| O|  |TAMS 0x0000000088100000, 0x0000000088100000| Untracked 
| 130|0x0000000088200000, 0x0000000088300000, 0x0000000088300000|100%| O|  |TAMS 0x0000000088200000, 0x0000000088200000| Untracked 
| 131|0x0000000088300000, 0x0000000088400000, 0x0000000088400000|100%| O|  |TAMS 0x0000000088300000, 0x0000000088300000| Untracked 
| 132|0x0000000088400000, 0x0000000088500000, 0x0000000088500000|100%| O|  |TAMS 0x0000000088400000, 0x0000000088400000| Untracked 
| 133|0x0000000088500000, 0x0000000088600000, 0x0000000088600000|100%| O|  |TAMS 0x0000000088500000, 0x0000000088500000| Untracked 
| 134|0x0000000088600000, 0x0000000088700000, 0x0000000088700000|100%|HS|  |TAMS 0x0000000088600000, 0x0000000088600000| Complete 
| 135|0x0000000088700000, 0x0000000088800000, 0x0000000088800000|100%|HS|  |TAMS 0x0000000088700000, 0x0000000088700000| Complete 
| 136|0x0000000088800000, 0x0000000088900000, 0x0000000088900000|100%|HS|  |TAMS 0x0000000088800000, 0x0000000088800000| Complete 
| 137|0x0000000088900000, 0x0000000088a00000, 0x0000000088a00000|100%|HC|  |TAMS 0x0000000088900000, 0x0000000088900000| Complete 
| 138|0x0000000088a00000, 0x0000000088b00000, 0x0000000088b00000|100%| O|  |TAMS 0x0000000088a00000, 0x0000000088a00000| Untracked 
| 139|0x0000000088b00000, 0x0000000088c00000, 0x0000000088c00000|100%| O|  |TAMS 0x0000000088b00000, 0x0000000088b00000| Untracked 
| 140|0x0000000088c00000, 0x0000000088d00000, 0x0000000088d00000|100%| O|  |TAMS 0x0000000088c00000, 0x0000000088c00000| Untracked 
| 141|0x0000000088d00000, 0x0000000088e00000, 0x0000000088e00000|100%| O|  |TAMS 0x0000000088d00000, 0x0000000088d00000| Untracked 
| 142|0x0000000088e00000, 0x0000000088f00000, 0x0000000088f00000|100%| O|  |TAMS 0x0000000088e00000, 0x0000000088e00000| Untracked 
| 143|0x0000000088f00000, 0x0000000089000000, 0x0000000089000000|100%| O|  |TAMS 0x0000000088f00000, 0x0000000088f00000| Untracked 
| 144|0x0000000089000000, 0x0000000089100000, 0x0000000089100000|100%| O|  |TAMS 0x0000000089000000, 0x0000000089000000| Untracked 
| 145|0x0000000089100000, 0x0000000089200000, 0x0000000089200000|100%| O|  |TAMS 0x0000000089100000, 0x0000000089100000| Untracked 
| 146|0x0000000089200000, 0x0000000089300000, 0x0000000089300000|100%| O|  |TAMS 0x0000000089200000, 0x0000000089200000| Untracked 
| 147|0x0000000089300000, 0x0000000089400000, 0x0000000089400000|100%| O|  |TAMS 0x0000000089300000, 0x0000000089300000| Untracked 
| 148|0x0000000089400000, 0x0000000089500000, 0x0000000089500000|100%| O|  |TAMS 0x0000000089400000, 0x0000000089400000| Untracked 
| 149|0x0000000089500000, 0x0000000089600000, 0x0000000089600000|100%| O|  |TAMS 0x0000000089500000, 0x0000000089500000| Untracked 
| 150|0x0000000089600000, 0x0000000089700000, 0x0000000089700000|100%| O|  |TAMS 0x0000000089600000, 0x0000000089600000| Untracked 
| 151|0x0000000089700000, 0x0000000089800000, 0x0000000089800000|100%| O|  |TAMS 0x0000000089700000, 0x0000000089700000| Untracked 
| 152|0x0000000089800000, 0x0000000089900000, 0x0000000089900000|100%| O|  |TAMS 0x0000000089800000, 0x0000000089800000| Untracked 
| 153|0x0000000089900000, 0x0000000089a00000, 0x0000000089a00000|100%| O|  |TAMS 0x0000000089900000, 0x0000000089900000| Untracked 
| 154|0x0000000089a00000, 0x0000000089b00000, 0x0000000089b00000|100%| O|  |TAMS 0x0000000089a00000, 0x0000000089a00000| Untracked 
| 155|0x0000000089b00000, 0x0000000089c00000, 0x0000000089c00000|100%| O|  |TAMS 0x0000000089b00000, 0x0000000089b00000| Untracked 
| 156|0x0000000089c00000, 0x0000000089d00000, 0x0000000089d00000|100%|HS|  |TAMS 0x0000000089c00000, 0x0000000089c00000| Complete 
| 157|0x0000000089d00000, 0x0000000089e00000, 0x0000000089e00000|100%|HS|  |TAMS 0x0000000089d00000, 0x0000000089d00000| Complete 
| 158|0x0000000089e00000, 0x0000000089f00000, 0x0000000089f00000|100%| O|  |TAMS 0x0000000089e00000, 0x0000000089e00000| Untracked 
| 159|0x0000000089f00000, 0x000000008a000000, 0x000000008a000000|100%| O|  |TAMS 0x0000000089f00000, 0x0000000089f00000| Untracked 
| 160|0x000000008a000000, 0x000000008a100000, 0x000000008a100000|100%| O|  |TAMS 0x000000008a000000, 0x000000008a000000| Untracked 
| 161|0x000000008a100000, 0x000000008a200000, 0x000000008a200000|100%| O|  |TAMS 0x000000008a100000, 0x000000008a100000| Untracked 
| 162|0x000000008a200000, 0x000000008a300000, 0x000000008a300000|100%| O|  |TAMS 0x000000008a200000, 0x000000008a200000| Untracked 
| 163|0x000000008a300000, 0x000000008a400000, 0x000000008a400000|100%| O|  |TAMS 0x000000008a300000, 0x000000008a300000| Untracked 
| 164|0x000000008a400000, 0x000000008a500000, 0x000000008a500000|100%| O|  |TAMS 0x000000008a400000, 0x000000008a400000| Untracked 
| 165|0x000000008a500000, 0x000000008a600000, 0x000000008a600000|100%| O|  |TAMS 0x000000008a500000, 0x000000008a500000| Untracked 
| 166|0x000000008a600000, 0x000000008a700000, 0x000000008a700000|100%| O|  |TAMS 0x000000008a600000, 0x000000008a600000| Untracked 
| 167|0x000000008a700000, 0x000000008a800000, 0x000000008a800000|100%| O|  |TAMS 0x000000008a700000, 0x000000008a700000| Untracked 
| 168|0x000000008a800000, 0x000000008a900000, 0x000000008a900000|100%| O|  |TAMS 0x000000008a800000, 0x000000008a800000| Untracked 
| 169|0x000000008a900000, 0x000000008aa00000, 0x000000008aa00000|100%| O|  |TAMS 0x000000008a900000, 0x000000008a900000| Untracked 
| 170|0x000000008aa00000, 0x000000008ab00000, 0x000000008ab00000|100%| O|  |TAMS 0x000000008aa00000, 0x000000008aa00000| Untracked 
| 171|0x000000008ab00000, 0x000000008ac00000, 0x000000008ac00000|100%| O|  |TAMS 0x000000008ab00000, 0x000000008ab00000| Untracked 
| 172|0x000000008ac00000, 0x000000008ad00000, 0x000000008ad00000|100%| O|  |TAMS 0x000000008ac00000, 0x000000008ac00000| Untracked 
| 173|0x000000008ad00000, 0x000000008ae00000, 0x000000008ae00000|100%| O|  |TAMS 0x000000008ad00000, 0x000000008ad00000| Untracked 
| 174|0x000000008ae00000, 0x000000008af00000, 0x000000008af00000|100%|HS|  |TAMS 0x000000008ae00000, 0x000000008ae00000| Complete 
| 175|0x000000008af00000, 0x000000008b000000, 0x000000008b000000|100%|HS|  |TAMS 0x000000008af00000, 0x000000008af00000| Complete 
| 176|0x000000008b000000, 0x000000008b100000, 0x000000008b100000|100%|HC|  |TAMS 0x000000008b000000, 0x000000008b000000| Complete 
| 177|0x000000008b100000, 0x000000008b200000, 0x000000008b200000|100%| O|  |TAMS 0x000000008b100000, 0x000000008b100000| Untracked 
| 178|0x000000008b200000, 0x000000008b300000, 0x000000008b300000|100%| O|  |TAMS 0x000000008b200000, 0x000000008b200000| Untracked 
| 179|0x000000008b300000, 0x000000008b400000, 0x000000008b400000|100%| O|  |TAMS 0x000000008b300000, 0x000000008b300000| Untracked 
| 180|0x000000008b400000, 0x000000008b500000, 0x000000008b500000|100%| O|  |TAMS 0x000000008b400000, 0x000000008b400000| Untracked 
| 181|0x000000008b500000, 0x000000008b600000, 0x000000008b600000|100%| O|  |TAMS 0x000000008b500000, 0x000000008b500000| Untracked 
| 182|0x000000008b600000, 0x000000008b700000, 0x000000008b700000|100%| O|  |TAMS 0x000000008b600000, 0x000000008b600000| Untracked 
| 183|0x000000008b700000, 0x000000008b800000, 0x000000008b800000|100%| O|  |TAMS 0x000000008b700000, 0x000000008b700000| Untracked 
| 184|0x000000008b800000, 0x000000008b900000, 0x000000008b900000|100%| O|  |TAMS 0x000000008b800000, 0x000000008b800000| Untracked 
| 185|0x000000008b900000, 0x000000008ba00000, 0x000000008ba00000|100%| O|  |TAMS 0x000000008b900000, 0x000000008b900000| Untracked 
| 186|0x000000008ba00000, 0x000000008bb00000, 0x000000008bb00000|100%| O|  |TAMS 0x000000008ba00000, 0x000000008ba00000| Untracked 
| 187|0x000000008bb00000, 0x000000008bc00000, 0x000000008bc00000|100%| O|  |TAMS 0x000000008bb00000, 0x000000008bb00000| Untracked 
| 188|0x000000008bc00000, 0x000000008bd00000, 0x000000008bd00000|100%|HS|  |TAMS 0x000000008bc00000, 0x000000008bc00000| Complete 
| 189|0x000000008bd00000, 0x000000008be00000, 0x000000008be00000|100%|HS|  |TAMS 0x000000008bd00000, 0x000000008bd00000| Complete 
| 190|0x000000008be00000, 0x000000008bf00000, 0x000000008bf00000|100%|HS|  |TAMS 0x000000008be00000, 0x000000008be00000| Complete 
| 191|0x000000008bf00000, 0x000000008c000000, 0x000000008c000000|100%| O|  |TAMS 0x000000008bf00000, 0x000000008bf00000| Untracked 
| 192|0x000000008c000000, 0x000000008c100000, 0x000000008c100000|100%| O|  |TAMS 0x000000008c000000, 0x000000008c000000| Untracked 
| 193|0x000000008c100000, 0x000000008c200000, 0x000000008c200000|100%| O|  |TAMS 0x000000008c100000, 0x000000008c100000| Untracked 
| 194|0x000000008c200000, 0x000000008c300000, 0x000000008c300000|100%| O|  |TAMS 0x000000008c200000, 0x000000008c200000| Untracked 
| 195|0x000000008c300000, 0x000000008c400000, 0x000000008c400000|100%| O|  |TAMS 0x000000008c300000, 0x000000008c300000| Untracked 
| 196|0x000000008c400000, 0x000000008c500000, 0x000000008c500000|100%| O|  |TAMS 0x000000008c400000, 0x000000008c400000| Untracked 
| 197|0x000000008c500000, 0x000000008c600000, 0x000000008c600000|100%| O|  |TAMS 0x000000008c500000, 0x000000008c500000| Untracked 
| 198|0x000000008c600000, 0x000000008c700000, 0x000000008c700000|100%| O|  |TAMS 0x000000008c600000, 0x000000008c600000| Untracked 
| 199|0x000000008c700000, 0x000000008c800000, 0x000000008c800000|100%| O|  |TAMS 0x000000008c700000, 0x000000008c700000| Untracked 
| 200|0x000000008c800000, 0x000000008c900000, 0x000000008c900000|100%| O|  |TAMS 0x000000008c800000, 0x000000008c800000| Untracked 
| 201|0x000000008c900000, 0x000000008ca00000, 0x000000008ca00000|100%| O|  |TAMS 0x000000008c900000, 0x000000008c900000| Untracked 
| 202|0x000000008ca00000, 0x000000008cb00000, 0x000000008cb00000|100%| O|  |TAMS 0x000000008ca00000, 0x000000008ca00000| Untracked 
| 203|0x000000008cb00000, 0x000000008cc00000, 0x000000008cc00000|100%| O|  |TAMS 0x000000008cb00000, 0x000000008cb00000| Untracked 
| 204|0x000000008cc00000, 0x000000008cd00000, 0x000000008cd00000|100%| O|  |TAMS 0x000000008cc00000, 0x000000008cc00000| Untracked 
| 205|0x000000008cd00000, 0x000000008ce00000, 0x000000008ce00000|100%| O|  |TAMS 0x000000008cd00000, 0x000000008cd00000| Untracked 
| 206|0x000000008ce00000, 0x000000008cf00000, 0x000000008cf00000|100%| O|  |TAMS 0x000000008ce00000, 0x000000008ce00000| Untracked 
| 207|0x000000008cf00000, 0x000000008d000000, 0x000000008d000000|100%|HS|  |TAMS 0x000000008cf00000, 0x000000008cf00000| Complete 
| 208|0x000000008d000000, 0x000000008d100000, 0x000000008d100000|100%| O|  |TAMS 0x000000008d000000, 0x000000008d000000| Untracked 
| 209|0x000000008d100000, 0x000000008d200000, 0x000000008d200000|100%| O|  |TAMS 0x000000008d100000, 0x000000008d100000| Untracked 
| 210|0x000000008d200000, 0x000000008d300000, 0x000000008d300000|100%| O|  |TAMS 0x000000008d200000, 0x000000008d200000| Untracked 
| 211|0x000000008d300000, 0x000000008d400000, 0x000000008d400000|100%| O|  |TAMS 0x000000008d300000, 0x000000008d300000| Untracked 
| 212|0x000000008d400000, 0x000000008d500000, 0x000000008d500000|100%| O|  |TAMS 0x000000008d400000, 0x000000008d400000| Untracked 
| 213|0x000000008d500000, 0x000000008d600000, 0x000000008d600000|100%| O|  |TAMS 0x000000008d500000, 0x000000008d500000| Untracked 
| 214|0x000000008d600000, 0x000000008d700000, 0x000000008d700000|100%| O|  |TAMS 0x000000008d600000, 0x000000008d600000| Untracked 
| 215|0x000000008d700000, 0x000000008d800000, 0x000000008d800000|100%| O|  |TAMS 0x000000008d700000, 0x000000008d700000| Untracked 
| 216|0x000000008d800000, 0x000000008d900000, 0x000000008d900000|100%|HS|  |TAMS 0x000000008d800000, 0x000000008d800000| Complete 
| 217|0x000000008d900000, 0x000000008da00000, 0x000000008da00000|100%|HS|  |TAMS 0x000000008d900000, 0x000000008d900000| Complete 
| 218|0x000000008da00000, 0x000000008db00000, 0x000000008db00000|100%| O|  |TAMS 0x000000008da00000, 0x000000008da00000| Untracked 
| 219|0x000000008db00000, 0x000000008dc00000, 0x000000008dc00000|100%| O|  |TAMS 0x000000008db00000, 0x000000008db00000| Untracked 
| 220|0x000000008dc00000, 0x000000008dd00000, 0x000000008dd00000|100%| O|  |TAMS 0x000000008dc00000, 0x000000008dc00000| Untracked 
| 221|0x000000008dd00000, 0x000000008de00000, 0x000000008de00000|100%| O|  |TAMS 0x000000008dd00000, 0x000000008dd00000| Untracked 
| 222|0x000000008de00000, 0x000000008df00000, 0x000000008df00000|100%| O|  |TAMS 0x000000008de00000, 0x000000008de00000| Untracked 
| 223|0x000000008df00000, 0x000000008e000000, 0x000000008e000000|100%| O|  |TAMS 0x000000008df00000, 0x000000008df00000| Untracked 
| 224|0x000000008e000000, 0x000000008e100000, 0x000000008e100000|100%| O|  |TAMS 0x000000008e000000, 0x000000008e000000| Untracked 
| 225|0x000000008e100000, 0x000000008e200000, 0x000000008e200000|100%| O|  |TAMS 0x000000008e100000, 0x000000008e100000| Untracked 
| 226|0x000000008e200000, 0x000000008e300000, 0x000000008e300000|100%| O|  |TAMS 0x000000008e200000, 0x000000008e200000| Untracked 
| 227|0x000000008e300000, 0x000000008e400000, 0x000000008e400000|100%| O|  |TAMS 0x000000008e300000, 0x000000008e300000| Untracked 
| 228|0x000000008e400000, 0x000000008e500000, 0x000000008e500000|100%|HS|  |TAMS 0x000000008e400000, 0x000000008e400000| Complete 
| 229|0x000000008e500000, 0x000000008e600000, 0x000000008e600000|100%|HS|  |TAMS 0x000000008e500000, 0x000000008e500000| Complete 
| 230|0x000000008e600000, 0x000000008e700000, 0x000000008e700000|100%|HS|  |TAMS 0x000000008e600000, 0x000000008e600000| Complete 
| 231|0x000000008e700000, 0x000000008e800000, 0x000000008e800000|100%|HS|  |TAMS 0x000000008e700000, 0x000000008e700000| Complete 
| 232|0x000000008e800000, 0x000000008e900000, 0x000000008e900000|100%|HC|  |TAMS 0x000000008e800000, 0x000000008e800000| Complete 
| 233|0x000000008e900000, 0x000000008ea00000, 0x000000008ea00000|100%| O|  |TAMS 0x000000008e900000, 0x000000008e900000| Untracked 
| 234|0x000000008ea00000, 0x000000008eb00000, 0x000000008eb00000|100%| O|  |TAMS 0x000000008ea00000, 0x000000008ea00000| Untracked 
| 235|0x000000008eb00000, 0x000000008ec00000, 0x000000008ec00000|100%| O|  |TAMS 0x000000008eb00000, 0x000000008eb00000| Untracked 
| 236|0x000000008ec00000, 0x000000008ed00000, 0x000000008ed00000|100%| O|  |TAMS 0x000000008ec00000, 0x000000008ec00000| Untracked 
| 237|0x000000008ed00000, 0x000000008ee00000, 0x000000008ee00000|100%| O|  |TAMS 0x000000008ed00000, 0x000000008ed00000| Untracked 
| 238|0x000000008ee00000, 0x000000008ef00000, 0x000000008ef00000|100%| O|  |TAMS 0x000000008ee00000, 0x000000008ee00000| Untracked 
| 239|0x000000008ef00000, 0x000000008f000000, 0x000000008f000000|100%| O|  |TAMS 0x000000008ef00000, 0x000000008ef00000| Untracked 
| 240|0x000000008f000000, 0x000000008f100000, 0x000000008f100000|100%| O|  |TAMS 0x000000008f000000, 0x000000008f000000| Untracked 
| 241|0x000000008f100000, 0x000000008f200000, 0x000000008f200000|100%| O|  |TAMS 0x000000008f100000, 0x000000008f100000| Untracked 
| 242|0x000000008f200000, 0x000000008f300000, 0x000000008f300000|100%| O|  |TAMS 0x000000008f200000, 0x000000008f200000| Untracked 
| 243|0x000000008f300000, 0x000000008f400000, 0x000000008f400000|100%| O|  |TAMS 0x000000008f300000, 0x000000008f300000| Untracked 
| 244|0x000000008f400000, 0x000000008f500000, 0x000000008f500000|100%| O|  |TAMS 0x000000008f400000, 0x000000008f400000| Untracked 
| 245|0x000000008f500000, 0x000000008f600000, 0x000000008f600000|100%|HS|  |TAMS 0x000000008f500000, 0x000000008f500000| Complete 
| 246|0x000000008f600000, 0x000000008f700000, 0x000000008f700000|100%|HS|  |TAMS 0x000000008f600000, 0x000000008f600000| Complete 
| 247|0x000000008f700000, 0x000000008f800000, 0x000000008f800000|100%| O|  |TAMS 0x000000008f700000, 0x000000008f700000| Untracked 
| 248|0x000000008f800000, 0x000000008f900000, 0x000000008f900000|100%| O|  |TAMS 0x000000008f800000, 0x000000008f800000| Untracked 
| 249|0x000000008f900000, 0x000000008fa00000, 0x000000008fa00000|100%| O|  |TAMS 0x000000008f900000, 0x000000008f900000| Untracked 
| 250|0x000000008fa00000, 0x000000008fb00000, 0x000000008fb00000|100%| O|  |TAMS 0x000000008fa00000, 0x000000008fa00000| Untracked 
| 251|0x000000008fb00000, 0x000000008fc00000, 0x000000008fc00000|100%| O|  |TAMS 0x000000008fb00000, 0x000000008fb00000| Untracked 
| 252|0x000000008fc00000, 0x000000008fd00000, 0x000000008fd00000|100%| O|  |TAMS 0x000000008fc00000, 0x000000008fc00000| Untracked 
| 253|0x000000008fd00000, 0x000000008fe00000, 0x000000008fe00000|100%| O|  |TAMS 0x000000008fd00000, 0x000000008fd00000| Untracked 
| 254|0x000000008fe00000, 0x000000008ff00000, 0x000000008ff00000|100%| O|  |TAMS 0x000000008fe00000, 0x000000008fe00000| Untracked 
| 255|0x000000008ff00000, 0x0000000090000000, 0x0000000090000000|100%| O|  |TAMS 0x000000008ff00000, 0x000000008ff00000| Untracked 
| 256|0x0000000090000000, 0x0000000090100000, 0x0000000090100000|100%| O|  |TAMS 0x0000000090000000, 0x0000000090000000| Untracked 
| 257|0x0000000090100000, 0x0000000090200000, 0x0000000090200000|100%| O|  |TAMS 0x0000000090100000, 0x0000000090100000| Untracked 
| 258|0x0000000090200000, 0x0000000090300000, 0x0000000090300000|100%| O|  |TAMS 0x0000000090200000, 0x0000000090200000| Untracked 
| 259|0x0000000090300000, 0x0000000090400000, 0x0000000090400000|100%| O|  |TAMS 0x0000000090300000, 0x0000000090300000| Untracked 
| 260|0x0000000090400000, 0x0000000090500000, 0x0000000090500000|100%| O|  |TAMS 0x0000000090400000, 0x0000000090400000| Untracked 
| 261|0x0000000090500000, 0x0000000090600000, 0x0000000090600000|100%| O|  |TAMS 0x0000000090500000, 0x0000000090500000| Untracked 
| 262|0x0000000090600000, 0x0000000090700000, 0x0000000090700000|100%| O|  |TAMS 0x0000000090600000, 0x0000000090600000| Untracked 
| 263|0x0000000090700000, 0x0000000090800000, 0x0000000090800000|100%| O|  |TAMS 0x0000000090700000, 0x0000000090700000| Untracked 
| 264|0x0000000090800000, 0x0000000090900000, 0x0000000090900000|100%| O|  |TAMS 0x0000000090800000, 0x0000000090800000| Untracked 
| 265|0x0000000090900000, 0x0000000090a00000, 0x0000000090a00000|100%| O|  |TAMS 0x0000000090900000, 0x0000000090900000| Untracked 
| 266|0x0000000090a00000, 0x0000000090b00000, 0x0000000090b00000|100%| O|  |TAMS 0x0000000090a00000, 0x0000000090a00000| Untracked 
| 267|0x0000000090b00000, 0x0000000090c00000, 0x0000000090c00000|100%| O|  |TAMS 0x0000000090b00000, 0x0000000090b00000| Untracked 
| 268|0x0000000090c00000, 0x0000000090d00000, 0x0000000090d00000|100%| O|  |TAMS 0x0000000090c00000, 0x0000000090c00000| Untracked 
| 269|0x0000000090d00000, 0x0000000090e00000, 0x0000000090e00000|100%| O|  |TAMS 0x0000000090d00000, 0x0000000090d00000| Untracked 
| 270|0x0000000090e00000, 0x0000000090f00000, 0x0000000090f00000|100%| O|  |TAMS 0x0000000090e00000, 0x0000000090e00000| Untracked 
| 271|0x0000000090f00000, 0x0000000091000000, 0x0000000091000000|100%| O|  |TAMS 0x0000000090f00000, 0x0000000090f00000| Untracked 
| 272|0x0000000091000000, 0x0000000091100000, 0x0000000091100000|100%| O|  |TAMS 0x0000000091000000, 0x0000000091000000| Untracked 
| 273|0x0000000091100000, 0x0000000091200000, 0x0000000091200000|100%| O|  |TAMS 0x0000000091100000, 0x0000000091100000| Untracked 
| 274|0x0000000091200000, 0x0000000091300000, 0x0000000091300000|100%| O|  |TAMS 0x0000000091200000, 0x0000000091200000| Untracked 
| 275|0x0000000091300000, 0x0000000091400000, 0x0000000091400000|100%| O|  |TAMS 0x0000000091300000, 0x0000000091300000| Untracked 
| 276|0x0000000091400000, 0x0000000091500000, 0x0000000091500000|100%| O|  |TAMS 0x0000000091400000, 0x0000000091400000| Untracked 
| 277|0x0000000091500000, 0x0000000091600000, 0x0000000091600000|100%| O|  |TAMS 0x0000000091500000, 0x0000000091500000| Untracked 
| 278|0x0000000091600000, 0x0000000091700000, 0x0000000091700000|100%| O|  |TAMS 0x0000000091600000, 0x0000000091600000| Untracked 
| 279|0x0000000091700000, 0x0000000091800000, 0x0000000091800000|100%| O|  |TAMS 0x0000000091700000, 0x0000000091700000| Untracked 
| 280|0x0000000091800000, 0x0000000091900000, 0x0000000091900000|100%| O|  |TAMS 0x0000000091800000, 0x0000000091800000| Untracked 
| 281|0x0000000091900000, 0x0000000091a00000, 0x0000000091a00000|100%| O|  |TAMS 0x0000000091900000, 0x0000000091900000| Untracked 
| 282|0x0000000091a00000, 0x0000000091b00000, 0x0000000091b00000|100%| O|  |TAMS 0x0000000091a00000, 0x0000000091a00000| Untracked 
| 283|0x0000000091b00000, 0x0000000091c00000, 0x0000000091c00000|100%| O|  |TAMS 0x0000000091b00000, 0x0000000091b00000| Untracked 
| 284|0x0000000091c00000, 0x0000000091d00000, 0x0000000091d00000|100%| O|  |TAMS 0x0000000091c00000, 0x0000000091c00000| Untracked 
| 285|0x0000000091d00000, 0x0000000091e00000, 0x0000000091e00000|100%| O|  |TAMS 0x0000000091d00000, 0x0000000091d00000| Untracked 
| 286|0x0000000091e00000, 0x0000000091f00000, 0x0000000091f00000|100%| O|  |TAMS 0x0000000091e00000, 0x0000000091e00000| Untracked 
| 287|0x0000000091f00000, 0x0000000092000000, 0x0000000092000000|100%| O|  |TAMS 0x0000000091f00000, 0x0000000091f00000| Untracked 
| 288|0x0000000092000000, 0x0000000092100000, 0x0000000092100000|100%| O|  |TAMS 0x0000000092000000, 0x0000000092000000| Untracked 
| 289|0x0000000092100000, 0x0000000092200000, 0x0000000092200000|100%| O|  |TAMS 0x0000000092100000, 0x0000000092100000| Untracked 
| 290|0x0000000092200000, 0x0000000092300000, 0x0000000092300000|100%| O|  |TAMS 0x0000000092200000, 0x0000000092200000| Untracked 
| 291|0x0000000092300000, 0x0000000092400000, 0x0000000092400000|100%| O|  |TAMS 0x0000000092300000, 0x0000000092300000| Untracked 
| 292|0x0000000092400000, 0x0000000092500000, 0x0000000092500000|100%| O|  |TAMS 0x0000000092400000, 0x0000000092400000| Untracked 
| 293|0x0000000092500000, 0x0000000092600000, 0x0000000092600000|100%| O|  |TAMS 0x0000000092500000, 0x0000000092500000| Untracked 
| 294|0x0000000092600000, 0x0000000092700000, 0x0000000092700000|100%| O|  |TAMS 0x0000000092600000, 0x0000000092600000| Untracked 
| 295|0x0000000092700000, 0x0000000092800000, 0x0000000092800000|100%| O|  |TAMS 0x0000000092700000, 0x0000000092700000| Untracked 
| 296|0x0000000092800000, 0x0000000092900000, 0x0000000092900000|100%| O|  |TAMS 0x0000000092800000, 0x0000000092800000| Untracked 
| 297|0x0000000092900000, 0x0000000092a00000, 0x0000000092a00000|100%| O|  |TAMS 0x0000000092900000, 0x0000000092900000| Untracked 
| 298|0x0000000092a00000, 0x0000000092b00000, 0x0000000092b00000|100%| O|  |TAMS 0x0000000092a00000, 0x0000000092a00000| Untracked 
| 299|0x0000000092b00000, 0x0000000092c00000, 0x0000000092c00000|100%| O|  |TAMS 0x0000000092b00000, 0x0000000092b00000| Untracked 
| 300|0x0000000092c00000, 0x0000000092d00000, 0x0000000092d00000|100%| O|  |TAMS 0x0000000092c00000, 0x0000000092c00000| Untracked 
| 301|0x0000000092d00000, 0x0000000092e00000, 0x0000000092e00000|100%| O|  |TAMS 0x0000000092d00000, 0x0000000092d00000| Untracked 
| 302|0x0000000092e00000, 0x0000000092f00000, 0x0000000092f00000|100%| O|  |TAMS 0x0000000092e00000, 0x0000000092e00000| Untracked 
| 303|0x0000000092f00000, 0x0000000093000000, 0x0000000093000000|100%| O|  |TAMS 0x0000000092f00000, 0x0000000092f00000| Untracked 
| 304|0x0000000093000000, 0x0000000093100000, 0x0000000093100000|100%| O|  |TAMS 0x0000000093000000, 0x0000000093000000| Untracked 
| 305|0x0000000093100000, 0x0000000093200000, 0x0000000093200000|100%| O|  |TAMS 0x0000000093100000, 0x0000000093100000| Untracked 
| 306|0x0000000093200000, 0x0000000093300000, 0x0000000093300000|100%| O|  |TAMS 0x0000000093200000, 0x0000000093200000| Untracked 
| 307|0x0000000093300000, 0x0000000093400000, 0x0000000093400000|100%| O|  |TAMS 0x0000000093300000, 0x0000000093300000| Untracked 
| 308|0x0000000093400000, 0x0000000093500000, 0x0000000093500000|100%| O|  |TAMS 0x0000000093400000, 0x0000000093400000| Untracked 
| 309|0x0000000093500000, 0x0000000093600000, 0x0000000093600000|100%| O|  |TAMS 0x0000000093500000, 0x0000000093500000| Untracked 
| 310|0x0000000093600000, 0x0000000093700000, 0x0000000093700000|100%| O|  |TAMS 0x0000000093600000, 0x0000000093600000| Untracked 
| 311|0x0000000093700000, 0x0000000093800000, 0x0000000093800000|100%| O|  |TAMS 0x0000000093700000, 0x0000000093700000| Untracked 
| 312|0x0000000093800000, 0x0000000093900000, 0x0000000093900000|100%| O|  |TAMS 0x0000000093800000, 0x0000000093800000| Untracked 
| 313|0x0000000093900000, 0x0000000093a00000, 0x0000000093a00000|100%| O|  |TAMS 0x0000000093900000, 0x0000000093900000| Untracked 
| 314|0x0000000093a00000, 0x0000000093b00000, 0x0000000093b00000|100%| O|  |TAMS 0x0000000093a00000, 0x0000000093a00000| Untracked 
| 315|0x0000000093b00000, 0x0000000093c00000, 0x0000000093c00000|100%| O|  |TAMS 0x0000000093b00000, 0x0000000093b00000| Untracked 
| 316|0x0000000093c00000, 0x0000000093d00000, 0x0000000093d00000|100%| O|  |TAMS 0x0000000093c00000, 0x0000000093c00000| Untracked 
| 317|0x0000000093d00000, 0x0000000093e00000, 0x0000000093e00000|100%| O|  |TAMS 0x0000000093d00000, 0x0000000093d00000| Untracked 
| 318|0x0000000093e00000, 0x0000000093f00000, 0x0000000093f00000|100%| O|  |TAMS 0x0000000093e00000, 0x0000000093e00000| Untracked 
| 319|0x0000000093f00000, 0x0000000093fab400, 0x0000000094000000| 66%| O|  |TAMS 0x0000000093f00000, 0x0000000093f00000| Untracked 
| 320|0x0000000094000000, 0x0000000094000000, 0x0000000094100000|  0%| F|  |TAMS 0x0000000094000000, 0x0000000094000000| Untracked 
| 321|0x0000000094100000, 0x0000000094100000, 0x0000000094200000|  0%| F|  |TAMS 0x0000000094100000, 0x0000000094100000| Untracked 
| 322|0x0000000094200000, 0x0000000094200000, 0x0000000094300000|  0%| F|  |TAMS 0x0000000094200000, 0x0000000094200000| Untracked 
| 323|0x0000000094300000, 0x0000000094300000, 0x0000000094400000|  0%| F|  |TAMS 0x0000000094300000, 0x0000000094300000| Untracked 
| 324|0x0000000094400000, 0x0000000094400000, 0x0000000094500000|  0%| F|  |TAMS 0x0000000094400000, 0x0000000094400000| Untracked 
| 325|0x0000000094500000, 0x0000000094500000, 0x0000000094600000|  0%| F|  |TAMS 0x0000000094500000, 0x0000000094500000| Untracked 
| 326|0x0000000094600000, 0x0000000094600000, 0x0000000094700000|  0%| F|  |TAMS 0x0000000094600000, 0x0000000094600000| Untracked 
| 327|0x0000000094700000, 0x0000000094700000, 0x0000000094800000|  0%| F|  |TAMS 0x0000000094700000, 0x0000000094700000| Untracked 
| 328|0x0000000094800000, 0x0000000094800000, 0x0000000094900000|  0%| F|  |TAMS 0x0000000094800000, 0x0000000094800000| Untracked 
| 329|0x0000000094900000, 0x0000000094900000, 0x0000000094a00000|  0%| F|  |TAMS 0x0000000094900000, 0x0000000094900000| Untracked 
| 330|0x0000000094a00000, 0x0000000094a00000, 0x0000000094b00000|  0%| F|  |TAMS 0x0000000094a00000, 0x0000000094a00000| Untracked 
| 331|0x0000000094b00000, 0x0000000094b00000, 0x0000000094c00000|  0%| F|  |TAMS 0x0000000094b00000, 0x0000000094b00000| Untracked 
| 332|0x0000000094c00000, 0x0000000094c00000, 0x0000000094d00000|  0%| F|  |TAMS 0x0000000094c00000, 0x0000000094c00000| Untracked 
| 333|0x0000000094d00000, 0x0000000094d00000, 0x0000000094e00000|  0%| F|  |TAMS 0x0000000094d00000, 0x0000000094d00000| Untracked 
| 334|0x0000000094e00000, 0x0000000094e00000, 0x0000000094f00000|  0%| F|  |TAMS 0x0000000094e00000, 0x0000000094e00000| Untracked 
| 335|0x0000000094f00000, 0x0000000094f00000, 0x0000000095000000|  0%| F|  |TAMS 0x0000000094f00000, 0x0000000094f00000| Untracked 
| 336|0x0000000095000000, 0x0000000095000000, 0x0000000095100000|  0%| F|  |TAMS 0x0000000095000000, 0x0000000095000000| Untracked 
| 337|0x0000000095100000, 0x0000000095100000, 0x0000000095200000|  0%| F|  |TAMS 0x0000000095100000, 0x0000000095100000| Untracked 
| 338|0x0000000095200000, 0x0000000095200000, 0x0000000095300000|  0%| F|  |TAMS 0x0000000095200000, 0x0000000095200000| Untracked 
| 339|0x0000000095300000, 0x0000000095300000, 0x0000000095400000|  0%| F|  |TAMS 0x0000000095300000, 0x0000000095300000| Untracked 
| 340|0x0000000095400000, 0x0000000095400000, 0x0000000095500000|  0%| F|  |TAMS 0x0000000095400000, 0x0000000095400000| Untracked 
| 341|0x0000000095500000, 0x0000000095500000, 0x0000000095600000|  0%| F|  |TAMS 0x0000000095500000, 0x0000000095500000| Untracked 
| 342|0x0000000095600000, 0x0000000095600000, 0x0000000095700000|  0%| F|  |TAMS 0x0000000095600000, 0x0000000095600000| Untracked 
| 343|0x0000000095700000, 0x0000000095700000, 0x0000000095800000|  0%| F|  |TAMS 0x0000000095700000, 0x0000000095700000| Untracked 
| 344|0x0000000095800000, 0x0000000095800000, 0x0000000095900000|  0%| F|  |TAMS 0x0000000095800000, 0x0000000095800000| Untracked 
| 345|0x0000000095900000, 0x0000000095900000, 0x0000000095a00000|  0%| F|  |TAMS 0x0000000095900000, 0x0000000095900000| Untracked 
| 346|0x0000000095a00000, 0x0000000095a00000, 0x0000000095b00000|  0%| F|  |TAMS 0x0000000095a00000, 0x0000000095a00000| Untracked 
| 347|0x0000000095b00000, 0x0000000095b00000, 0x0000000095c00000|  0%| F|  |TAMS 0x0000000095b00000, 0x0000000095b00000| Untracked 
| 348|0x0000000095c00000, 0x0000000095c00000, 0x0000000095d00000|  0%| F|  |TAMS 0x0000000095c00000, 0x0000000095c00000| Untracked 
| 349|0x0000000095d00000, 0x0000000095d00000, 0x0000000095e00000|  0%| F|  |TAMS 0x0000000095d00000, 0x0000000095d00000| Untracked 
| 350|0x0000000095e00000, 0x0000000095e00000, 0x0000000095f00000|  0%| F|  |TAMS 0x0000000095e00000, 0x0000000095e00000| Untracked 
| 351|0x0000000095f00000, 0x0000000095f00000, 0x0000000096000000|  0%| F|  |TAMS 0x0000000095f00000, 0x0000000095f00000| Untracked 
| 352|0x0000000096000000, 0x0000000096000000, 0x0000000096100000|  0%| F|  |TAMS 0x0000000096000000, 0x0000000096000000| Untracked 
| 353|0x0000000096100000, 0x0000000096100000, 0x0000000096200000|  0%| F|  |TAMS 0x0000000096100000, 0x0000000096100000| Untracked 
| 354|0x0000000096200000, 0x0000000096200000, 0x0000000096300000|  0%| F|  |TAMS 0x0000000096200000, 0x0000000096200000| Untracked 
| 355|0x0000000096300000, 0x0000000096300000, 0x0000000096400000|  0%| F|  |TAMS 0x0000000096300000, 0x0000000096300000| Untracked 
| 356|0x0000000096400000, 0x0000000096400000, 0x0000000096500000|  0%| F|  |TAMS 0x0000000096400000, 0x0000000096400000| Untracked 
| 357|0x0000000096500000, 0x0000000096500000, 0x0000000096600000|  0%| F|  |TAMS 0x0000000096500000, 0x0000000096500000| Untracked 
| 358|0x0000000096600000, 0x0000000096600000, 0x0000000096700000|  0%| F|  |TAMS 0x0000000096600000, 0x0000000096600000| Untracked 
| 359|0x0000000096700000, 0x0000000096700000, 0x0000000096800000|  0%| F|  |TAMS 0x0000000096700000, 0x0000000096700000| Untracked 
| 360|0x0000000096800000, 0x0000000096800000, 0x0000000096900000|  0%| F|  |TAMS 0x0000000096800000, 0x0000000096800000| Untracked 
| 361|0x0000000096900000, 0x0000000096900000, 0x0000000096a00000|  0%| F|  |TAMS 0x0000000096900000, 0x0000000096900000| Untracked 
| 362|0x0000000096a00000, 0x0000000096a00000, 0x0000000096b00000|  0%| F|  |TAMS 0x0000000096a00000, 0x0000000096a00000| Untracked 
| 363|0x0000000096b00000, 0x0000000096b00000, 0x0000000096c00000|  0%| F|  |TAMS 0x0000000096b00000, 0x0000000096b00000| Untracked 
| 364|0x0000000096c00000, 0x0000000096c00000, 0x0000000096d00000|  0%| F|  |TAMS 0x0000000096c00000, 0x0000000096c00000| Untracked 
| 365|0x0000000096d00000, 0x0000000096d00000, 0x0000000096e00000|  0%| F|  |TAMS 0x0000000096d00000, 0x0000000096d00000| Untracked 
| 366|0x0000000096e00000, 0x0000000096e00000, 0x0000000096f00000|  0%| F|  |TAMS 0x0000000096e00000, 0x0000000096e00000| Untracked 
| 367|0x0000000096f00000, 0x0000000096f00000, 0x0000000097000000|  0%| F|  |TAMS 0x0000000096f00000, 0x0000000096f00000| Untracked 
| 368|0x0000000097000000, 0x0000000097000000, 0x0000000097100000|  0%| F|  |TAMS 0x0000000097000000, 0x0000000097000000| Untracked 
| 369|0x0000000097100000, 0x0000000097100000, 0x0000000097200000|  0%| F|  |TAMS 0x0000000097100000, 0x0000000097100000| Untracked 
| 370|0x0000000097200000, 0x0000000097255a00, 0x0000000097300000| 33%| S|CS|TAMS 0x0000000097200000, 0x0000000097200000| Complete 
| 371|0x0000000097300000, 0x0000000097300000, 0x0000000097400000|  0%| F|  |TAMS 0x0000000097300000, 0x0000000097300000| Untracked 
| 372|0x0000000097400000, 0x0000000097400000, 0x0000000097500000|  0%| F|  |TAMS 0x0000000097400000, 0x0000000097400000| Untracked 
| 373|0x0000000097500000, 0x0000000097500000, 0x0000000097600000|  0%| F|  |TAMS 0x0000000097500000, 0x0000000097500000| Untracked 
| 374|0x0000000097600000, 0x0000000097600000, 0x0000000097700000|  0%| F|  |TAMS 0x0000000097600000, 0x0000000097600000| Untracked 
| 375|0x0000000097700000, 0x0000000097800000, 0x0000000097800000|100%| S|CS|TAMS 0x0000000097700000, 0x0000000097700000| Complete 
| 376|0x0000000097800000, 0x0000000097900000, 0x0000000097900000|100%| S|CS|TAMS 0x0000000097800000, 0x0000000097800000| Complete 
| 377|0x0000000097900000, 0x0000000097a00000, 0x0000000097a00000|100%| S|CS|TAMS 0x0000000097900000, 0x0000000097900000| Complete 
| 378|0x0000000097a00000, 0x0000000097a00000, 0x0000000097b00000|  0%| F|  |TAMS 0x0000000097a00000, 0x0000000097a00000| Untracked 
| 379|0x0000000097b00000, 0x0000000097b00000, 0x0000000097c00000|  0%| F|  |TAMS 0x0000000097b00000, 0x0000000097b00000| Untracked 
| 380|0x0000000097c00000, 0x0000000097c00000, 0x0000000097d00000|  0%| F|  |TAMS 0x0000000097c00000, 0x0000000097c00000| Untracked 
| 381|0x0000000097d00000, 0x0000000097d00000, 0x0000000097e00000|  0%| F|  |TAMS 0x0000000097d00000, 0x0000000097d00000| Untracked 
| 382|0x0000000097e00000, 0x0000000097e00000, 0x0000000097f00000|  0%| F|  |TAMS 0x0000000097e00000, 0x0000000097e00000| Untracked 
| 383|0x0000000097f00000, 0x0000000097f00000, 0x0000000098000000|  0%| F|  |TAMS 0x0000000097f00000, 0x0000000097f00000| Untracked 
| 384|0x0000000098000000, 0x0000000098000000, 0x0000000098100000|  0%| F|  |TAMS 0x0000000098000000, 0x0000000098000000| Untracked 
| 385|0x0000000098100000, 0x0000000098100000, 0x0000000098200000|  0%| F|  |TAMS 0x0000000098100000, 0x0000000098100000| Untracked 
| 386|0x0000000098200000, 0x0000000098200000, 0x0000000098300000|  0%| F|  |TAMS 0x0000000098200000, 0x0000000098200000| Untracked 
| 387|0x0000000098300000, 0x0000000098300000, 0x0000000098400000|  0%| F|  |TAMS 0x0000000098300000, 0x0000000098300000| Untracked 
| 388|0x0000000098400000, 0x0000000098400000, 0x0000000098500000|  0%| F|  |TAMS 0x0000000098400000, 0x0000000098400000| Untracked 
| 389|0x0000000098500000, 0x0000000098500000, 0x0000000098600000|  0%| F|  |TAMS 0x0000000098500000, 0x0000000098500000| Untracked 
| 390|0x0000000098600000, 0x0000000098600000, 0x0000000098700000|  0%| F|  |TAMS 0x0000000098600000, 0x0000000098600000| Untracked 
| 391|0x0000000098700000, 0x0000000098700000, 0x0000000098800000|  0%| F|  |TAMS 0x0000000098700000, 0x0000000098700000| Untracked 
| 392|0x0000000098800000, 0x0000000098800000, 0x0000000098900000|  0%| F|  |TAMS 0x0000000098800000, 0x0000000098800000| Untracked 
| 393|0x0000000098900000, 0x00000000989a09c8, 0x0000000098a00000| 62%| E|  |TAMS 0x0000000098900000, 0x0000000098900000| Complete 
| 394|0x0000000098a00000, 0x0000000098b00000, 0x0000000098b00000|100%| E|CS|TAMS 0x0000000098a00000, 0x0000000098a00000| Complete 
| 395|0x0000000098b00000, 0x0000000098c00000, 0x0000000098c00000|100%| E|CS|TAMS 0x0000000098b00000, 0x0000000098b00000| Complete 
| 396|0x0000000098c00000, 0x0000000098d00000, 0x0000000098d00000|100%| E|CS|TAMS 0x0000000098c00000, 0x0000000098c00000| Complete 
| 397|0x0000000098d00000, 0x0000000098e00000, 0x0000000098e00000|100%| E|CS|TAMS 0x0000000098d00000, 0x0000000098d00000| Complete 
| 398|0x0000000098e00000, 0x0000000098f00000, 0x0000000098f00000|100%| E|CS|TAMS 0x0000000098e00000, 0x0000000098e00000| Complete 
| 399|0x0000000098f00000, 0x0000000099000000, 0x0000000099000000|100%| E|CS|TAMS 0x0000000098f00000, 0x0000000098f00000| Complete 
| 400|0x0000000099000000, 0x0000000099100000, 0x0000000099100000|100%| E|CS|TAMS 0x0000000099000000, 0x0000000099000000| Complete 
| 401|0x0000000099100000, 0x0000000099200000, 0x0000000099200000|100%| E|CS|TAMS 0x0000000099100000, 0x0000000099100000| Complete 
| 402|0x0000000099200000, 0x0000000099300000, 0x0000000099300000|100%| E|CS|TAMS 0x0000000099200000, 0x0000000099200000| Complete 
| 403|0x0000000099300000, 0x0000000099400000, 0x0000000099400000|100%| E|CS|TAMS 0x0000000099300000, 0x0000000099300000| Complete 
| 404|0x0000000099400000, 0x0000000099500000, 0x0000000099500000|100%| E|CS|TAMS 0x0000000099400000, 0x0000000099400000| Complete 
| 405|0x0000000099500000, 0x0000000099600000, 0x0000000099600000|100%| E|CS|TAMS 0x0000000099500000, 0x0000000099500000| Complete 
| 406|0x0000000099600000, 0x0000000099700000, 0x0000000099700000|100%| E|CS|TAMS 0x0000000099600000, 0x0000000099600000| Complete 
| 407|0x0000000099700000, 0x0000000099800000, 0x0000000099800000|100%| E|CS|TAMS 0x0000000099700000, 0x0000000099700000| Complete 
| 408|0x0000000099800000, 0x0000000099900000, 0x0000000099900000|100%| E|CS|TAMS 0x0000000099800000, 0x0000000099800000| Complete 
| 409|0x0000000099900000, 0x0000000099a00000, 0x0000000099a00000|100%| E|CS|TAMS 0x0000000099900000, 0x0000000099900000| Complete 
| 410|0x0000000099a00000, 0x0000000099b00000, 0x0000000099b00000|100%| E|CS|TAMS 0x0000000099a00000, 0x0000000099a00000| Complete 
| 411|0x0000000099b00000, 0x0000000099c00000, 0x0000000099c00000|100%| E|CS|TAMS 0x0000000099b00000, 0x0000000099b00000| Complete 
| 412|0x0000000099c00000, 0x0000000099d00000, 0x0000000099d00000|100%| E|CS|TAMS 0x0000000099c00000, 0x0000000099c00000| Complete 
| 413|0x0000000099d00000, 0x0000000099e00000, 0x0000000099e00000|100%| E|CS|TAMS 0x0000000099d00000, 0x0000000099d00000| Complete 
| 414|0x0000000099e00000, 0x0000000099f00000, 0x0000000099f00000|100%| E|CS|TAMS 0x0000000099e00000, 0x0000000099e00000| Complete 
| 415|0x0000000099f00000, 0x000000009a000000, 0x000000009a000000|100%| E|CS|TAMS 0x0000000099f00000, 0x0000000099f00000| Complete 
| 416|0x000000009a000000, 0x000000009a100000, 0x000000009a100000|100%| E|CS|TAMS 0x000000009a000000, 0x000000009a000000| Complete 
| 417|0x000000009a100000, 0x000000009a200000, 0x000000009a200000|100%| E|CS|TAMS 0x000000009a100000, 0x000000009a100000| Complete 

Card table byte_map: [0x0000021e478b0000,0x0000021e47cb0000] _byte_map_base: 0x0000021e474b0000

Marking Bits (Prev, Next): (CMBitMap*) 0x0000021e2e17bfd0, (CMBitMap*) 0x0000021e2e17bf90
 Prev Bits: [0x0000021e4a0b0000, 0x0000021e4c0b0000)
 Next Bits: [0x0000021e480b0000, 0x0000021e4a0b0000)

Polling page: 0x0000021e2e340000

Metaspace:

Usage:
  Non-class:    106.18 MB used.
      Class:     16.89 MB used.
       Both:    123.07 MB used.

Virtual space:
  Non-class space:      128.00 MB reserved,     107.25 MB ( 84%) committed,  2 nodes.
      Class space:      416.00 MB reserved,      17.75 MB (  4%) committed,  1 nodes.
             Both:      544.00 MB reserved,     125.00 MB ( 23%) committed. 

Chunk freelists:
   Non-Class:  4.16 MB
       Class:  14.25 MB
        Both:  18.41 MB

MaxMetaspaceSize: 512.00 MB
CompressedClassSpaceSize: 416.00 MB
Initial GC threshold: 21.00 MB
Current GC threshold: 159.50 MB
CDS: on
MetaspaceReclaimPolicy: balanced
 - commit_granule_bytes: 65536.
 - commit_granule_words: 8192.
 - virtual_space_node_default_size: 8388608.
 - enlarge_chunks_in_place: 1.
 - new_chunks_are_fully_committed: 0.
 - uncommit_free_chunks: 1.
 - use_allocation_guard: 0.
 - handle_deallocations: 1.


Internal statistics:

num_allocs_failed_limit: 9.
num_arena_births: 2608.
num_arena_deaths: 0.
num_vsnodes_births: 3.
num_vsnodes_deaths: 0.
num_space_committed: 1999.
num_space_uncommitted: 0.
num_chunks_returned_to_freelist: 9.
num_chunks_taken_from_freelist: 8677.
num_chunk_merges: 9.
num_chunk_splits: 5264.
num_chunks_enlarged: 2944.
num_inconsistent_stats: 0.

CodeHeap 'non-profiled nmethods': size=120000Kb used=15162Kb max_used=15162Kb free=104837Kb
 bounds [0x0000021e3fa30000, 0x0000021e40900000, 0x0000021e46f60000]
CodeHeap 'profiled nmethods': size=120000Kb used=32515Kb max_used=32515Kb free=87485Kb
 bounds [0x0000021e37f60000, 0x0000021e39f30000, 0x0000021e3f490000]
CodeHeap 'non-nmethods': size=5760Kb used=2512Kb max_used=2589Kb free=3247Kb
 bounds [0x0000021e3f490000, 0x0000021e3f720000, 0x0000021e3fa30000]
 total_blobs=18231 nmethods=17173 adapters=967
 compilation: enabled
              stopped_count=0, restarted_count=0
 full_count=0

Compilation events (20 events):
Event: 61.610 Thread 0x0000021e6e0428e0 nmethod 20804 0x0000021e39f1f290 code [0x0000021e39f1f420, 0x0000021e39f1f538]
Event: 61.610 Thread 0x0000021e6e0428e0 20805       3       org.gradle.cache.internal.btree.FileBackedBlockStore::access$302 (7 bytes)
Event: 61.610 Thread 0x0000021e6e0428e0 nmethod 20805 0x0000021e39f1f610 code [0x0000021e39f1f7a0, 0x0000021e39f1f898]
Event: 61.673 Thread 0x0000021e6e01dba0 20806       4       java.util.Collections::indexedBinarySearch (83 bytes)
Event: 61.676 Thread 0x0000021e6e01dba0 nmethod 20806 0x0000021e408fa590 code [0x0000021e408fa740, 0x0000021e408faa18]
Event: 61.706 Thread 0x0000021e6e0428e0 20807   !   3       java.util.concurrent.ArrayBlockingQueue::poll (38 bytes)
Event: 61.707 Thread 0x0000021e6e0428e0 nmethod 20807 0x0000021e39f1f990 code [0x0000021e39f1fbe0, 0x0000021e39f20568]
Event: 61.707 Thread 0x0000021e6e0428e0 20808       3       org.gradle.api.internal.changedetection.state.CachingFileHasher$FileInfoSerializer::write (10 bytes)
Event: 61.707 Thread 0x0000021e6e0428e0 nmethod 20808 0x0000021e39f20890 code [0x0000021e39f20ac0, 0x0000021e39f21368]
Event: 61.707 Thread 0x0000021e6e0428e0 20809       3       org.gradle.api.internal.changedetection.state.CachingFileHasher$FileInfoSerializer::write (33 bytes)
Event: 61.707 Thread 0x0000021e6e0428e0 nmethod 20809 0x0000021e39f21690 code [0x0000021e39f218a0, 0x0000021e39f21fc8]
Event: 61.821 Thread 0x0000021e6e01dba0 20810       4       com.google.common.cache.LocalCache$StrongValueReference::notifyNewValue (1 bytes)
Event: 61.821 Thread 0x0000021e6e01dba0 nmethod 20810 0x0000021e408fad10 code [0x0000021e408fae80, 0x0000021e408faef8]
Event: 61.918 Thread 0x0000021e6e01dba0 20811       4       org.gradle.internal.serialize.kryo.KryoBackedEncoder::<init> (18 bytes)
Event: 61.922 Thread 0x0000021e6e01dba0 nmethod 20811 0x0000021e408fb010 code [0x0000021e408fb1a0, 0x0000021e408fb658]
Event: 61.922 Thread 0x0000021e6e01dba0 20812       4       com.esotericsoftware.kryo.io.Output::<init> (64 bytes)
Event: 61.923 Thread 0x0000021e6e01dba0 nmethod 20812 0x0000021e408fb810 code [0x0000021e408fb9a0, 0x0000021e408fbc38]
Event: 61.954 Thread 0x0000021e6e01dba0 20813       4       org.gradle.cache.internal.filelock.DefaultLockStateSerializer$SequenceNumberLockState::completeUpdate (33 bytes)
Event: 61.955 Thread 0x0000021e6e01dba0 nmethod 20813 0x0000021e408fbd90 code [0x0000021e408fbf20, 0x0000021e408fc038]
Event: 62.042 Thread 0x0000021e6e01dba0 20814       4       org.gradle.cache.internal.DefaultMultiProcessSafeIndexedCache$$Lambda$479/0x0000021e5043fa00::run (16 bytes)

GC Heap History (20 events):
Event: 39.454 GC heap before
{Heap before GC invocations=69 (full 0):
 garbage-first heap   total 428032K, used 358645K [0x0000000080000000, 0x0000000100000000)
  region size 1024K, 90 young (92160K), 6 survivors (6144K)
 Metaspace       used 112528K, committed 114240K, reserved 557056K
  class space    used 15715K, committed 16448K, reserved 425984K
}
Event: 39.462 GC heap after
{Heap after GC invocations=70 (full 0):
 garbage-first heap   total 428032K, used 279849K [0x0000000080000000, 0x0000000100000000)
  region size 1024K, 12 young (12288K), 12 survivors (12288K)
 Metaspace       used 112528K, committed 114240K, reserved 557056K
  class space    used 15715K, committed 16448K, reserved 425984K
}
Event: 40.461 GC heap before
{Heap before GC invocations=70 (full 0):
 garbage-first heap   total 428032K, used 360745K [0x0000000080000000, 0x0000000100000000)
  region size 1024K, 91 young (93184K), 12 survivors (12288K)
 Metaspace       used 115328K, committed 116992K, reserved 557056K
  class space    used 16029K, committed 16768K, reserved 425984K
}
Event: 40.473 GC heap after
{Heap after GC invocations=71 (full 0):
 garbage-first heap   total 428032K, used 293550K [0x0000000080000000, 0x0000000100000000)
  region size 1024K, 12 young (12288K), 12 survivors (12288K)
 Metaspace       used 115328K, committed 116992K, reserved 557056K
  class space    used 16029K, committed 16768K, reserved 425984K
}
Event: 41.197 GC heap before
{Heap before GC invocations=71 (full 0):
 garbage-first heap   total 428032K, used 359086K [0x0000000080000000, 0x0000000100000000)
  region size 1024K, 76 young (77824K), 12 survivors (12288K)
 Metaspace       used 116877K, committed 118656K, reserved 557056K
  class space    used 16226K, committed 17024K, reserved 425984K
}
Event: 41.209 GC heap after
{Heap after GC invocations=72 (full 0):
 garbage-first heap   total 428032K, used 304191K [0x0000000080000000, 0x0000000100000000)
  region size 1024K, 10 young (10240K), 10 survivors (10240K)
 Metaspace       used 116877K, committed 118656K, reserved 557056K
  class space    used 16226K, committed 17024K, reserved 425984K
}
Event: 42.943 GC heap before
{Heap before GC invocations=72 (full 0):
 garbage-first heap   total 428032K, used 361535K [0x0000000080000000, 0x0000000100000000)
  region size 1024K, 66 young (67584K), 10 survivors (10240K)
 Metaspace       used 122157K, committed 124032K, reserved 557056K
  class space    used 16880K, committed 17728K, reserved 425984K
}
Event: 42.957 GC heap after
{Heap after GC invocations=73 (full 0):
 garbage-first heap   total 428032K, used 311296K [0x0000000080000000, 0x0000000100000000)
  region size 1024K, 7 young (7168K), 7 survivors (7168K)
 Metaspace       used 122157K, committed 124032K, reserved 557056K
  class space    used 16880K, committed 17728K, reserved 425984K
}
Event: 45.320 GC heap before
{Heap before GC invocations=73 (full 0):
 garbage-first heap   total 428032K, used 364544K [0x0000000080000000, 0x0000000100000000)
  region size 1024K, 59 young (60416K), 7 survivors (7168K)
 Metaspace       used 123312K, committed 125184K, reserved 557056K
  class space    used 17005K, committed 17856K, reserved 425984K
}
Event: 45.328 GC heap after
{Heap after GC invocations=74 (full 0):
 garbage-first heap   total 428032K, used 317158K [0x0000000080000000, 0x0000000100000000)
  region size 1024K, 6 young (6144K), 6 survivors (6144K)
 Metaspace       used 123312K, committed 125184K, reserved 557056K
  class space    used 17005K, committed 17856K, reserved 425984K
}
Event: 46.083 GC heap before
{Heap before GC invocations=74 (full 0):
 garbage-first heap   total 428032K, used 370406K [0x0000000080000000, 0x0000000100000000)
  region size 1024K, 54 young (55296K), 6 survivors (6144K)
 Metaspace       used 124394K, committed 126336K, reserved 557056K
  class space    used 17164K, committed 18048K, reserved 425984K
}
Event: 46.090 GC heap after
{Heap after GC invocations=75 (full 0):
 garbage-first heap   total 428032K, used 325578K [0x0000000080000000, 0x0000000100000000)
  region size 1024K, 7 young (7168K), 7 survivors (7168K)
 Metaspace       used 124394K, committed 126336K, reserved 557056K
  class space    used 17164K, committed 18048K, reserved 425984K
}
Event: 46.580 GC heap before
{Heap before GC invocations=75 (full 0):
 garbage-first heap   total 428032K, used 367562K [0x0000000080000000, 0x0000000100000000)
  region size 1024K, 49 young (50176K), 7 survivors (7168K)
 Metaspace       used 125920K, committed 127808K, reserved 557056K
  class space    used 17290K, committed 18112K, reserved 425984K
}
Event: 46.586 GC heap after
{Heap after GC invocations=76 (full 0):
 garbage-first heap   total 428032K, used 328552K [0x0000000080000000, 0x0000000100000000)
  region size 1024K, 5 young (5120K), 5 survivors (5120K)
 Metaspace       used 125920K, committed 127808K, reserved 557056K
  class space    used 17290K, committed 18112K, reserved 425984K
}
Event: 47.017 GC heap before
{Heap before GC invocations=76 (full 0):
 garbage-first heap   total 428032K, used 367464K [0x0000000080000000, 0x0000000100000000)
  region size 1024K, 44 young (45056K), 5 survivors (5120K)
 Metaspace       used 125973K, committed 127936K, reserved 557056K
  class space    used 17298K, committed 18176K, reserved 425984K
}
Event: 47.021 GC heap after
{Heap after GC invocations=77 (full 0):
 garbage-first heap   total 428032K, used 329901K [0x0000000080000000, 0x0000000100000000)
  region size 1024K, 4 young (4096K), 4 survivors (4096K)
 Metaspace       used 125973K, committed 127936K, reserved 557056K
  class space    used 17298K, committed 18176K, reserved 425984K
}
Event: 51.422 GC heap before
{Heap before GC invocations=77 (full 0):
 garbage-first heap   total 428032K, used 369837K [0x0000000080000000, 0x0000000100000000)
  region size 1024K, 44 young (45056K), 4 survivors (4096K)
 Metaspace       used 126006K, committed 128000K, reserved 557056K
  class space    used 17299K, committed 18176K, reserved 425984K
}
Event: 51.424 GC heap after
{Heap after GC invocations=78 (full 0):
 garbage-first heap   total 428032K, used 330289K [0x0000000080000000, 0x0000000100000000)
  region size 1024K, 4 young (4096K), 4 survivors (4096K)
 Metaspace       used 126006K, committed 128000K, reserved 557056K
  class space    used 17299K, committed 18176K, reserved 425984K
}
Event: 61.776 GC heap before
{Heap before GC invocations=78 (full 0):
 garbage-first heap   total 428032K, used 370225K [0x0000000080000000, 0x0000000100000000)
  region size 1024K, 44 young (45056K), 4 survivors (4096K)
 Metaspace       used 126025K, committed 128000K, reserved 557056K
  class space    used 17299K, committed 18176K, reserved 425984K
}
Event: 61.779 GC heap after
{Heap after GC invocations=79 (full 0):
 garbage-first heap   total 428032K, used 330755K [0x0000000080000000, 0x0000000100000000)
  region size 1024K, 4 young (4096K), 4 survivors (4096K)
 Metaspace       used 126025K, committed 128000K, reserved 557056K
  class space    used 17299K, committed 18176K, reserved 425984K
}

Dll operation events (15 events):
Event: 0.007 Loaded shared library C:\Program Files\Eclipse Adoptium\jdk-17.0.16.8-hotspot\bin\java.dll
Event: 0.020 Loaded shared library C:\Program Files\Eclipse Adoptium\jdk-17.0.16.8-hotspot\bin\jsvml.dll
Event: 0.045 Loaded shared library C:\Program Files\Eclipse Adoptium\jdk-17.0.16.8-hotspot\bin\zip.dll
Event: 0.046 Loaded shared library C:\Program Files\Eclipse Adoptium\jdk-17.0.16.8-hotspot\bin\instrument.dll
Event: 0.048 Loaded shared library C:\Program Files\Eclipse Adoptium\jdk-17.0.16.8-hotspot\bin\net.dll
Event: 0.049 Loaded shared library C:\Program Files\Eclipse Adoptium\jdk-17.0.16.8-hotspot\bin\nio.dll
Event: 0.050 Loaded shared library C:\Program Files\Eclipse Adoptium\jdk-17.0.16.8-hotspot\bin\zip.dll
Event: 0.191 Loaded shared library C:\Program Files\Eclipse Adoptium\jdk-17.0.16.8-hotspot\bin\jimage.dll
Event: 0.295 Loaded shared library C:\Program Files\Eclipse Adoptium\jdk-17.0.16.8-hotspot\bin\verify.dll
Event: 0.358 Loaded shared library C:\Users\ADMIN\.gradle\native\1def1411415f61bf3af743bc5b6707747c0891f09f0c88961ee8f79bc544acac\windows-amd64\native-platform.dll
Event: 0.369 Loaded shared library C:\Users\ADMIN\.gradle\native\0.2.7\x86_64-windows-gnu\gradle-fileevents.dll
Event: 1.024 Loaded shared library C:\Program Files\Eclipse Adoptium\jdk-17.0.16.8-hotspot\bin\management.dll
Event: 1.027 Loaded shared library C:\Program Files\Eclipse Adoptium\jdk-17.0.16.8-hotspot\bin\management_ext.dll
Event: 1.151 Loaded shared library C:\Program Files\Eclipse Adoptium\jdk-17.0.16.8-hotspot\bin\extnet.dll
Event: 1.302 Loaded shared library C:\Program Files\Eclipse Adoptium\jdk-17.0.16.8-hotspot\bin\sunmscapi.dll

Deoptimization events (20 events):
Event: 54.916 Thread 0x0000021e750e6090 Uncommon trap: trap_request=0xffffffc6 fr.pc=0x0000021e3fcf8218 relative=0x00000000000002d8
Event: 54.916 Thread 0x0000021e750e6090 Uncommon trap: reason=bimorphic_or_optimized_type_check action=maybe_recompile pc=0x0000021e3fcf8218 method=org.gradle.internal.snapshot.ChildMapFactory.childMapFromSorted(Ljava/util/List;)Lorg/gradle/internal/snapshot/ChildMap; @ 1 c2
Event: 54.916 Thread 0x0000021e750e6090 DEOPT PACKING pc=0x0000021e3fcf8218 sp=0x0000005acc2fca70
Event: 54.916 Thread 0x0000021e750e6090 DEOPT UNPACKING pc=0x0000021e3f4e69a3 sp=0x0000005acc2fca38 mode 2
Event: 54.916 Thread 0x0000021e750e6090 Uncommon trap: trap_request=0xffffffc6 fr.pc=0x0000021e3fcf8218 relative=0x00000000000002d8
Event: 54.916 Thread 0x0000021e750e6090 Uncommon trap: reason=bimorphic_or_optimized_type_check action=maybe_recompile pc=0x0000021e3fcf8218 method=org.gradle.internal.snapshot.ChildMapFactory.childMapFromSorted(Ljava/util/List;)Lorg/gradle/internal/snapshot/ChildMap; @ 1 c2
Event: 54.916 Thread 0x0000021e750e6090 DEOPT PACKING pc=0x0000021e3fcf8218 sp=0x0000005acc2fca70
Event: 54.916 Thread 0x0000021e750e6090 DEOPT UNPACKING pc=0x0000021e3f4e69a3 sp=0x0000005acc2fca38 mode 2
Event: 54.916 Thread 0x0000021e750e6090 Uncommon trap: trap_request=0xffffffc6 fr.pc=0x0000021e3fcf8218 relative=0x00000000000002d8
Event: 54.916 Thread 0x0000021e750e6090 Uncommon trap: reason=bimorphic_or_optimized_type_check action=maybe_recompile pc=0x0000021e3fcf8218 method=org.gradle.internal.snapshot.ChildMapFactory.childMapFromSorted(Ljava/util/List;)Lorg/gradle/internal/snapshot/ChildMap; @ 1 c2
Event: 54.916 Thread 0x0000021e750e6090 DEOPT PACKING pc=0x0000021e3fcf8218 sp=0x0000005acc2fca70
Event: 54.916 Thread 0x0000021e750e6090 DEOPT UNPACKING pc=0x0000021e3f4e69a3 sp=0x0000005acc2fca38 mode 2
Event: 59.188 Thread 0x0000021e750e14a0 Uncommon trap: trap_request=0x0000002f fr.pc=0x0000021e400ac55c relative=0x000000000000861c
Event: 59.188 Thread 0x0000021e750e14a0 Uncommon trap: reason=unloaded action=reinterpret pc=0x0000021e400ac55c method=java.net.URLClassLoader$1.run()Ljava/lang/Class; @ 48 c2
Event: 59.188 Thread 0x0000021e750e14a0 DEOPT PACKING pc=0x0000021e400ac55c sp=0x0000005acb8f69b0
Event: 59.188 Thread 0x0000021e750e14a0 DEOPT UNPACKING pc=0x0000021e3f4e69a3 sp=0x0000005acb8f6838 mode 2
Event: 60.076 Thread 0x0000021e750e14a0 DEOPT PACKING pc=0x0000021e39f0eb10 sp=0x0000005acb8fb700
Event: 60.076 Thread 0x0000021e750e14a0 DEOPT UNPACKING pc=0x0000021e3f4e7143 sp=0x0000005acb8fac58 mode 0
Event: 61.561 Thread 0x0000021e6ff4fa00 DEOPT PACKING pc=0x0000021e39f0ca7b sp=0x0000005ac57fe9e0
Event: 61.561 Thread 0x0000021e6ff4fa00 DEOPT UNPACKING pc=0x0000021e3f4e7143 sp=0x0000005ac57fde98 mode 0

Classes loaded (20 events):
Event: 46.445 Loading class com/sun/org/apache/xerces/internal/dom/CharacterDataImpl done
Event: 46.445 Loading class com/sun/org/apache/xerces/internal/dom/TextImpl done
Event: 46.445 Loading class com/sun/org/apache/xerces/internal/dom/CharacterDataImpl$1
Event: 46.445 Loading class com/sun/org/apache/xerces/internal/dom/CharacterDataImpl$1 done
Event: 46.445 Loading class com/sun/org/apache/xerces/internal/dom/CommentImpl
Event: 46.445 Loading class org/w3c/dom/Comment
Event: 46.445 Loading class org/w3c/dom/Comment done
Event: 46.445 Loading class com/sun/org/apache/xerces/internal/dom/CommentImpl done
Event: 46.520 Loading class java/util/zip/ZipInputStream
Event: 46.521 Loading class java/util/zip/ZipInputStream done
Event: 46.521 Loading class java/io/PushbackInputStream
Event: 46.522 Loading class java/io/PushbackInputStream done
Event: 46.579 Loading class java/nio/channels/Channels$1
Event: 46.579 Loading class java/nio/channels/Channels$1 done
Event: 46.749 Loading class java/nio/file/StandardCopyOption
Event: 46.750 Loading class java/nio/file/StandardCopyOption done
Event: 46.750 Loading class sun/nio/fs/WindowsFileCopy
Event: 46.758 Loading class sun/nio/fs/WindowsFileCopy done
Event: 59.187 Loading class java/util/zip/DataFormatException
Event: 59.188 Loading class java/util/zip/DataFormatException done

Classes unloaded (0 events):
No events

Classes redefined (0 events):
No events

Internal exceptions (20 events):
Event: 46.376 Thread 0x0000021e74cfbf80 Exception <a 'sun/nio/fs/WindowsException'{0x0000000099738fa8}> (0x0000000099738fa8) 
thrown [s\src\hotspot\share\prims\jni.cpp, line 516]
Event: 46.376 Thread 0x0000021e74cfbf80 Exception <a 'sun/nio/fs/WindowsException'{0x0000000099739150}> (0x0000000099739150) 
thrown [s\src\hotspot\share\prims\jni.cpp, line 516]
Event: 46.389 Thread 0x0000021e74cffc40 Exception <a 'sun/nio/fs/WindowsException'{0x000000009976c550}> (0x000000009976c550) 
thrown [s\src\hotspot\share\prims\jni.cpp, line 516]
Event: 46.390 Thread 0x0000021e74cffc40 Exception <a 'sun/nio/fs/WindowsException'{0x000000009976d448}> (0x000000009976d448) 
thrown [s\src\hotspot\share\prims\jni.cpp, line 516]
Event: 46.390 Thread 0x0000021e74cffc40 Exception <a 'sun/nio/fs/WindowsException'{0x000000009976d608}> (0x000000009976d608) 
thrown [s\src\hotspot\share\prims\jni.cpp, line 516]
Event: 46.400 Thread 0x0000021e74cfbf80 Exception <a 'sun/nio/fs/WindowsException'{0x00000000997da840}> (0x00000000997da840) 
thrown [s\src\hotspot\share\prims\jni.cpp, line 516]
Event: 46.400 Thread 0x0000021e74cfbf80 Exception <a 'sun/nio/fs/WindowsException'{0x00000000997db9b8}> (0x00000000997db9b8) 
thrown [s\src\hotspot\share\prims\jni.cpp, line 516]
Event: 46.400 Thread 0x0000021e74cfbf80 Exception <a 'sun/nio/fs/WindowsException'{0x00000000997dbb48}> (0x00000000997dbb48) 
thrown [s\src\hotspot\share\prims\jni.cpp, line 516]
Event: 46.411 Thread 0x0000021e74cff220 Exception <a 'sun/nio/fs/WindowsException'{0x00000000996297c8}> (0x00000000996297c8) 
thrown [s\src\hotspot\share\prims\jni.cpp, line 516]
Event: 46.411 Thread 0x0000021e74cff220 Exception <a 'sun/nio/fs/WindowsException'{0x000000009962ab88}> (0x000000009962ab88) 
thrown [s\src\hotspot\share\prims\jni.cpp, line 516]
Event: 46.411 Thread 0x0000021e74cff220 Exception <a 'sun/nio/fs/WindowsException'{0x000000009962ad30}> (0x000000009962ad30) 
thrown [s\src\hotspot\share\prims\jni.cpp, line 516]
Event: 46.422 Thread 0x0000021e74cfbf80 Exception <a 'sun/nio/fs/WindowsException'{0x0000000099688410}> (0x0000000099688410) 
thrown [s\src\hotspot\share\prims\jni.cpp, line 516]
Event: 46.423 Thread 0x0000021e74cfbf80 Exception <a 'sun/nio/fs/WindowsException'{0x0000000099689898}> (0x0000000099689898) 
thrown [s\src\hotspot\share\prims\jni.cpp, line 516]
Event: 46.423 Thread 0x0000021e74cfbf80 Exception <a 'sun/nio/fs/WindowsException'{0x0000000099689a30}> (0x0000000099689a30) 
thrown [s\src\hotspot\share\prims\jni.cpp, line 516]
Event: 46.428 Thread 0x0000021e74cff730 Exception <a 'java/lang/NoSuchMethodError'{0x00000000996b9080}: static Lcom/android/build/api/variant/impl/ResValueKeyImpl;.<clinit>()V> (0x00000000996b9080) 
thrown [s\src\hotspot\share\prims\jni.cpp, line 1112]
Event: 46.429 Thread 0x0000021e74cff730 Exception <a 'java/lang/NoSuchMethodError'{0x00000000996d0980}: static Lcom/android/build/api/variant/ResValue;.<clinit>()V> (0x00000000996d0980) 
thrown [s\src\hotspot\share\prims\jni.cpp, line 1112]
Event: 58.154 Thread 0x0000021e750e14a0 Exception <a 'java/io/IOException'{0x00000000984b8608}> (0x00000000984b8608) 
thrown [s\src\hotspot\share\prims\jni.cpp, line 516]
Event: 58.181 Thread 0x0000021e750e14a0 Exception <a 'java/io/FileNotFoundException'{0x00000000984c91d8}> (0x00000000984c91d8) 
thrown [s\src\hotspot\share\prims\jni.cpp, line 516]
Event: 59.187 Thread 0x0000021e750e14a0 Exception <a 'java/io/IOException'{0x00000000984d35d0}> (0x00000000984d35d0) 
thrown [s\src\hotspot\share\prims\jni.cpp, line 516]
Event: 59.188 Thread 0x0000021e750e14a0 Exception <a 'java/lang/NoClassDefFoundError'{0x00000000984d5c48}: com/google/common/base/Throwables> (0x00000000984d5c48) 
thrown [s\src\hotspot\share\classfile\systemDictionary.cpp, line 245]

VM Operations (20 events):
Event: 48.026 Executing VM operation: Cleanup
Event: 48.026 Executing VM operation: Cleanup done
Event: 51.041 Executing VM operation: Cleanup
Event: 51.041 Executing VM operation: Cleanup done
Event: 51.422 Executing VM operation: G1CollectForAllocation
Event: 51.422 Executing VM operation: G1CollectForAllocation done
Event: 51.422 Executing VM operation: G1CollectForAllocation
Event: 51.425 Executing VM operation: G1CollectForAllocation done
Event: 54.441 Executing VM operation: Cleanup
Event: 54.441 Executing VM operation: Cleanup done
Event: 55.457 Executing VM operation: Cleanup
Event: 55.457 Executing VM operation: Cleanup done
Event: 56.458 Executing VM operation: Cleanup
Event: 56.458 Executing VM operation: Cleanup done
Event: 60.053 Executing VM operation: HandshakeAllThreads
Event: 60.053 Executing VM operation: HandshakeAllThreads done
Event: 61.775 Executing VM operation: G1CollectForAllocation
Event: 61.779 Executing VM operation: G1CollectForAllocation done
Event: 62.792 Executing VM operation: Cleanup
Event: 62.792 Executing VM operation: Cleanup done

Memory protections (0 events):
No events

Nmethod flushes (20 events):
Event: 41.757 Thread 0x0000021e6e0431f0 flushing  nmethod 0x0000021e393dc510
Event: 41.757 Thread 0x0000021e6e0431f0 flushing  nmethod 0x0000021e393dfa90
Event: 41.757 Thread 0x0000021e6e0431f0 flushing  nmethod 0x0000021e394af690
Event: 41.757 Thread 0x0000021e6e0431f0 flushing  nmethod 0x0000021e394b8990
Event: 41.758 Thread 0x0000021e6e0431f0 flushing  nmethod 0x0000021e3951aa10
Event: 41.758 Thread 0x0000021e6e0431f0 flushing  nmethod 0x0000021e39520d90
Event: 41.758 Thread 0x0000021e6e0431f0 flushing  nmethod 0x0000021e39543f10
Event: 41.758 Thread 0x0000021e6e0431f0 flushing  nmethod 0x0000021e395a2a90
Event: 41.759 Thread 0x0000021e6e0431f0 flushing  nmethod 0x0000021e396eab90
Event: 41.759 Thread 0x0000021e6e0431f0 flushing  nmethod 0x0000021e3975f110
Event: 41.759 Thread 0x0000021e6e0431f0 flushing  nmethod 0x0000021e39794f90
Event: 41.760 Thread 0x0000021e6e0431f0 flushing  nmethod 0x0000021e397cd790
Event: 41.760 Thread 0x0000021e6e0431f0 flushing  nmethod 0x0000021e397f4e90
Event: 41.760 Thread 0x0000021e6e0431f0 flushing  nmethod 0x0000021e397f5b10
Event: 41.760 Thread 0x0000021e6e0431f0 flushing  nmethod 0x0000021e39842590
Event: 41.761 Thread 0x0000021e6e0431f0 flushing  nmethod 0x0000021e3999db90
Event: 41.762 Thread 0x0000021e6e0431f0 flushing  nmethod 0x0000021e39b90790
Event: 41.762 Thread 0x0000021e6e0431f0 flushing  nmethod 0x0000021e39c53210
Event: 41.763 Thread 0x0000021e6e0431f0 flushing  nmethod 0x0000021e39cacd10
Event: 46.182 Thread 0x0000021e6e0431f0 flushing  nmethod 0x0000021e3855db90

Events (20 events):
Event: 43.417 Thread 0x0000021e6e0428e0 Thread added: 0x0000021e6f2f1c20
Event: 43.894 Thread 0x0000021e6f2f1c20 Thread exited: 0x0000021e6f2f1c20
Event: 43.894 Thread 0x0000021e6f2f16d0 Thread exited: 0x0000021e6f2f16d0
Event: 44.789 Thread 0x0000021e6e0428e0 Thread added: 0x0000021e6f2f16d0
Event: 44.877 Thread 0x0000021e6e0428e0 Thread added: 0x0000021e6f2f1c20
Event: 45.506 Thread 0x0000021e74cffc40 Thread added: 0x0000021e7ae92350
Event: 46.163 Thread 0x0000021e74cffc40 Thread added: 0x0000021e7ae904f0
Event: 46.174 Thread 0x0000021e74cfba70 Thread added: 0x0000021e7ae93790
Event: 46.181 Thread 0x0000021e74d00150 Thread added: 0x0000021e7ae92d70
Event: 46.197 Thread 0x0000021e74cff730 Thread added: 0x0000021e7ae93ca0
Event: 46.213 Thread 0x0000021e74cfbf80 Thread added: 0x0000021e7ae941b0
Event: 46.226 Thread 0x0000021e74cff730 Thread added: 0x0000021e71e3c640
Event: 46.236 Thread 0x0000021e74cffc40 Thread added: 0x0000021e71e3bc20
Event: 46.246 Thread 0x0000021e74cfc9a0 Thread added: 0x0000021e7f3ed850
Event: 46.261 Thread 0x0000021e74cfbf80 Thread added: 0x0000021e7f3edd60
Event: 46.275 Thread 0x0000021e74cff730 Thread added: 0x0000021e7f3eb9f0
Event: 46.291 Thread 0x0000021e74cfbf80 Thread added: 0x0000021e7f3ed340
Event: 46.303 Thread 0x0000021e74cff730 Thread added: 0x0000021e7f3ee270
Event: 47.824 Thread 0x0000021e6f2f1c20 Thread exited: 0x0000021e6f2f1c20
Event: 48.475 Thread 0x0000021e6f2f16d0 Thread exited: 0x0000021e6f2f16d0


Dynamic libraries:
0x00007ff745a30000 - 0x00007ff745a3e000 	C:\Program Files\Eclipse Adoptium\jdk-17.0.16.8-hotspot\bin\java.exe
0x00007ffb6f020000 - 0x00007ffb6f287000 	C:\WINDOWS\SYSTEM32\ntdll.dll
0x00007ffb6d0f0000 - 0x00007ffb6d1b9000 	C:\WINDOWS\System32\KERNEL32.DLL
0x00007ffb6bc80000 - 0x00007ffb6c077000 	C:\WINDOWS\System32\KERNELBASE.dll
0x00007ffb6cc50000 - 0x00007ffb6cd9b000 	C:\WINDOWS\System32\ucrtbase.dll
0x00007ffb3e120000 - 0x00007ffb3e13e000 	C:\Program Files\Eclipse Adoptium\jdk-17.0.16.8-hotspot\bin\VCRUNTIME140.dll
0x00007ffb3ee00000 - 0x00007ffb3ee17000 	C:\Program Files\Eclipse Adoptium\jdk-17.0.16.8-hotspot\bin\jli.dll
0x00007ffb6dd00000 - 0x00007ffb6dec6000 	C:\WINDOWS\System32\USER32.dll
0x00007ffb4e190000 - 0x00007ffb4e422000 	C:\WINDOWS\WinSxS\amd64_microsoft.windows.common-controls_6595b64144ccf1df_6.0.26100.8457_none_3e0b2faee331e92d\COMCTL32.dll
0x00007ffb6cc20000 - 0x00007ffb6cc47000 	C:\WINDOWS\System32\win32u.dll
0x00007ffb6d730000 - 0x00007ffb6d7d9000 	C:\WINDOWS\System32\msvcrt.dll
0x00007ffb6d7e0000 - 0x00007ffb6d80b000 	C:\WINDOWS\System32\GDI32.dll
0x00007ffb6ca60000 - 0x00007ffb6cb8c000 	C:\WINDOWS\System32\gdi32full.dll
0x00007ffb6ba50000 - 0x00007ffb6baf3000 	C:\WINDOWS\System32\msvcp_win.dll
0x00007ffb6d250000 - 0x00007ffb6d282000 	C:\WINDOWS\System32\IMM32.DLL
0x00007ffb56a20000 - 0x00007ffb56a2c000 	C:\Program Files\Eclipse Adoptium\jdk-17.0.16.8-hotspot\bin\vcruntime140_1.dll
0x00007ffafd670000 - 0x00007ffafd6fd000 	C:\Program Files\Eclipse Adoptium\jdk-17.0.16.8-hotspot\bin\msvcp140.dll
0x00007ffa60fe0000 - 0x00007ffa61c4b000 	C:\Program Files\Eclipse Adoptium\jdk-17.0.16.8-hotspot\bin\server\jvm.dll
0x00007ffb6ce20000 - 0x00007ffb6ced6000 	C:\WINDOWS\System32\ADVAPI32.dll
0x00007ffb6eea0000 - 0x00007ffb6ef47000 	C:\WINDOWS\System32\sechost.dll
0x00007ffb6da30000 - 0x00007ffb6db48000 	C:\WINDOWS\System32\RPCRT4.dll
0x00007ffb6db50000 - 0x00007ffb6dbd0000 	C:\WINDOWS\System32\WS2_32.dll
0x00007ffb5a080000 - 0x00007ffb5a08b000 	C:\WINDOWS\SYSTEM32\VERSION.dll
0x00007ffb6b8b0000 - 0x00007ffb6b90e000 	C:\WINDOWS\SYSTEM32\POWRPROF.dll
0x00007ffb60fc0000 - 0x00007ffb60ff6000 	C:\WINDOWS\SYSTEM32\WINMM.dll
0x00007ffb6b890000 - 0x00007ffb6b8a4000 	C:\WINDOWS\SYSTEM32\UMPDC.dll
0x00007ffb6a700000 - 0x00007ffb6a71b000 	C:\WINDOWS\SYSTEM32\kernel.appcore.dll
0x00007ffb418d0000 - 0x00007ffb418da000 	C:\Program Files\Eclipse Adoptium\jdk-17.0.16.8-hotspot\bin\jimage.dll
0x00007ffb69990000 - 0x00007ffb69bd2000 	C:\WINDOWS\SYSTEM32\DBGHELP.DLL
0x00007ffb6ea90000 - 0x00007ffb6ee13000 	C:\WINDOWS\System32\combase.dll
0x00007ffb6d8d0000 - 0x00007ffb6d9a9000 	C:\WINDOWS\System32\OLEAUT32.dll
0x00007ffb4c0f0000 - 0x00007ffb4c12b000 	C:\WINDOWS\SYSTEM32\dbgcore.DLL
0x00007ffb6c9b0000 - 0x00007ffb6ca58000 	C:\WINDOWS\System32\bcryptPrimitives.dll
0x00007ffb56f90000 - 0x00007ffb56f9e000 	C:\Program Files\Eclipse Adoptium\jdk-17.0.16.8-hotspot\bin\instrument.dll
0x00007ffb0ded0000 - 0x00007ffb0def5000 	C:\Program Files\Eclipse Adoptium\jdk-17.0.16.8-hotspot\bin\java.dll
0x00007ffafd260000 - 0x00007ffafd337000 	C:\Program Files\Eclipse Adoptium\jdk-17.0.16.8-hotspot\bin\jsvml.dll
0x00007ffb6e1b0000 - 0x00007ffb6e91e000 	C:\WINDOWS\System32\SHELL32.dll
0x00007ffb6c140000 - 0x00007ffb6c9ac000 	C:\WINDOWS\System32\windows.storage.dll
0x00007ffb6dbe0000 - 0x00007ffb6dcd6000 	C:\WINDOWS\System32\SHCORE.dll
0x00007ffb6ee20000 - 0x00007ffb6ee86000 	C:\WINDOWS\System32\shlwapi.dll
0x00007ffb6b970000 - 0x00007ffb6b999000 	C:\WINDOWS\SYSTEM32\profapi.dll
0x00007ffb10770000 - 0x00007ffb10788000 	C:\Program Files\Eclipse Adoptium\jdk-17.0.16.8-hotspot\bin\zip.dll
0x00007ffb39af0000 - 0x00007ffb39b09000 	C:\Program Files\Eclipse Adoptium\jdk-17.0.16.8-hotspot\bin\net.dll
0x00007ffb609d0000 - 0x00007ffb60af9000 	C:\WINDOWS\SYSTEM32\WINHTTP.dll
0x00007ffb6acf0000 - 0x00007ffb6ad5c000 	C:\WINDOWS\system32\mswsock.dll
0x00007ffb125a0000 - 0x00007ffb125b6000 	C:\Program Files\Eclipse Adoptium\jdk-17.0.16.8-hotspot\bin\nio.dll
0x00007ffb68ba0000 - 0x00007ffb68bb0000 	C:\Program Files\Eclipse Adoptium\jdk-17.0.16.8-hotspot\bin\verify.dll
0x00007ffb3c210000 - 0x00007ffb3c237000 	C:\Users\ADMIN\.gradle\native\1def1411415f61bf3af743bc5b6707747c0891f09f0c88961ee8f79bc544acac\windows-amd64\native-platform.dll
0x00007ffb3cdb0000 - 0x00007ffb3ce28000 	C:\Users\ADMIN\.gradle\native\0.2.7\x86_64-windows-gnu\gradle-fileevents.dll
0x00007ffb5a8c0000 - 0x00007ffb5a8ca000 	C:\Program Files\Eclipse Adoptium\jdk-17.0.16.8-hotspot\bin\management.dll
0x00007ffb59ef0000 - 0x00007ffb59efb000 	C:\Program Files\Eclipse Adoptium\jdk-17.0.16.8-hotspot\bin\management_ext.dll
0x00007ffb6ee90000 - 0x00007ffb6ee98000 	C:\WINDOWS\System32\PSAPI.DLL
0x00007ffb6a1e0000 - 0x00007ffb6a212000 	C:\WINDOWS\SYSTEM32\IPHLPAPI.DLL
0x00007ffb6d290000 - 0x00007ffb6d29a000 	C:\WINDOWS\System32\NSI.dll
0x00007ffb63550000 - 0x00007ffb6356d000 	C:\WINDOWS\SYSTEM32\dhcpcsvc6.DLL
0x00007ffb63510000 - 0x00007ffb63535000 	C:\WINDOWS\SYSTEM32\dhcpcsvc.DLL
0x00007ffb6a280000 - 0x00007ffb6a3b2000 	C:\WINDOWS\SYSTEM32\DNSAPI.dll
0x00007ffb3caa0000 - 0x00007ffb3caa9000 	C:\Program Files\Eclipse Adoptium\jdk-17.0.16.8-hotspot\bin\extnet.dll
0x00007ffb6b0f0000 - 0x00007ffb6b10b000 	C:\WINDOWS\SYSTEM32\CRYPTSP.dll
0x00007ffb6a720000 - 0x00007ffb6a759000 	C:\WINDOWS\system32\rsaenh.dll
0x00007ffb6ada0000 - 0x00007ffb6add3000 	C:\WINDOWS\SYSTEM32\USERENV.dll
0x00007ffb6b940000 - 0x00007ffb6b96a000 	C:\WINDOWS\SYSTEM32\bcrypt.dll
0x00007ffb6af50000 - 0x00007ffb6af5c000 	C:\WINDOWS\SYSTEM32\CRYPTBASE.dll
0x00007ffb3ea00000 - 0x00007ffb3ea0e000 	C:\Program Files\Eclipse Adoptium\jdk-17.0.16.8-hotspot\bin\sunmscapi.dll
0x00007ffb6bb00000 - 0x00007ffb6bc78000 	C:\WINDOWS\System32\CRYPT32.dll
0x00007ffb6b250000 - 0x00007ffb6b280000 	C:\WINDOWS\SYSTEM32\ncrypt.dll
0x00007ffb6b200000 - 0x00007ffb6b23f000 	C:\WINDOWS\SYSTEM32\NTASN1.dll
0x00007ffb04a40000 - 0x00007ffb04a48000 	C:\WINDOWS\system32\wshunix.dll
0x00007ffb60920000 - 0x00007ffb6092b000 	C:\Windows\System32\rasadhlp.dll
0x00007ffb636b0000 - 0x00007ffb63736000 	C:\WINDOWS\System32\fwpuclnt.dll

dbghelp: loaded successfully - version: 4.0.5 - missing functions: none
symbol engine: initialized successfully - sym options: 0x614 - pdb path: .;C:\Program Files\Eclipse Adoptium\jdk-17.0.16.8-hotspot\bin;C:\WINDOWS\SYSTEM32;C:\WINDOWS\WinSxS\amd64_microsoft.windows.common-controls_6595b64144ccf1df_6.0.26100.8457_none_3e0b2faee331e92d;C:\Program Files\Eclipse Adoptium\jdk-17.0.16.8-hotspot\bin\server;C:\Users\ADMIN\.gradle\native\1def1411415f61bf3af743bc5b6707747c0891f09f0c88961ee8f79bc544acac\windows-amd64;C:\Users\ADMIN\.gradle\native\0.2.7\x86_64-windows-gnu

VM Arguments:
jvm_args: --add-opens=java.base/java.lang=ALL-UNNAMED --add-opens=java.base/java.lang.invoke=ALL-UNNAMED --add-opens=java.base/java.util=ALL-UNNAMED --add-opens=java.prefs/java.util.prefs=ALL-UNNAMED --add-exports=jdk.compiler/com.sun.tools.javac.api=ALL-UNNAMED --add-exports=jdk.compiler/com.sun.tools.javac.util=ALL-UNNAMED --add-opens=java.base/java.util=ALL-UNNAMED --add-opens=java.prefs/java.util.prefs=ALL-UNNAMED --add-opens=java.base/java.nio.charset=ALL-UNNAMED --add-opens=java.base/java.net=ALL-UNNAMED --add-opens=java.base/java.util.concurrent.atomic=ALL-UNNAMED --add-opens=java.xml/javax.xml.namespace=ALL-UNNAMED -XX:MaxMetaspaceSize=512m -Xmx2048m -Dfile.encoding=windows-1252 -Duser.country=US -Duser.language=en -Duser.variant -javaagent:C:\Users\ADMIN\.gradle\wrapper\dists\gradle-8.14.3-bin\cv11ve7ro1n3o1j4so8xd9n66\gradle-8.14.3\lib\agents\gradle-instrumentation-agent-8.14.3.jar 
java_command: org.gradle.launcher.daemon.bootstrap.GradleDaemon 8.14.3
java_class_path (initial): C:\Users\ADMIN\.gradle\wrapper\dists\gradle-8.14.3-bin\cv11ve7ro1n3o1j4so8xd9n66\gradle-8.14.3\lib\gradle-daemon-main-8.14.3.jar
Launcher Type: SUN_STANDARD

[Global flags]
     intx CICompilerCount                          = 4                                         {product} {ergonomic}
   size_t CompressedClassSpaceSize                 = 436207616                                 {product} {ergonomic}
     uint ConcGCThreads                            = 3                                         {product} {ergonomic}
     uint G1ConcRefinementThreads                  = 10                                        {product} {ergonomic}
   size_t G1HeapRegionSize                         = 1048576                                   {product} {ergonomic}
    uintx GCDrainStackTargetSize                   = 64                                        {product} {ergonomic}
   size_t InitialHeapSize                          = 264241152                                 {product} {ergonomic}
   size_t MarkStackSize                            = 4194304                                   {product} {ergonomic}
   size_t MaxHeapSize                              = 2147483648                                {product} {command line}
   size_t MaxMetaspaceSize                         = 536870912                                 {product} {command line}
   size_t MaxNewSize                               = 1287651328                                {product} {ergonomic}
   size_t MinHeapDeltaBytes                        = 1048576                                   {product} {ergonomic}
   size_t MinHeapSize                              = 8388608                                   {product} {ergonomic}
    uintx NonNMethodCodeHeapSize                   = 5839372                                {pd product} {ergonomic}
    uintx NonProfiledCodeHeapSize                  = 122909434                              {pd product} {ergonomic}
    uintx ProfiledCodeHeapSize                     = 122909434                              {pd product} {ergonomic}
    uintx ReservedCodeCacheSize                    = 251658240                              {pd product} {ergonomic}
     bool SegmentedCodeCache                       = true                                      {product} {ergonomic}
   size_t SoftMaxHeapSize                          = 2147483648                             {manageable} {ergonomic}
     bool UseCompressedClassPointers               = true                           {product lp64_product} {ergonomic}
     bool UseCompressedOops                        = true                           {product lp64_product} {ergonomic}
     bool UseG1GC                                  = true                                      {product} {ergonomic}
     bool UseLargePagesIndividualAllocation        = false                                  {pd product} {ergonomic}

Logging:
Log output configuration:
 #0: stdout all=warning uptime,level,tags
 #1: stderr all=off uptime,level,tags

Environment Variables:
JAVA_HOME=C:\Program Files\Eclipse Adoptium\jdk-17.0.16.8-hotspot
PATH=C:\betmundial\node_modules\.bin;C:\betmundial\node_modules\.bin;C:\node_modules\.bin;C:\Users\ADMIN\AppData\Local\nvm\v22.12.0\node_modules\npm\node_modules\@npmcli\run-script\lib\node-gyp-bin;c:\Users\ADMIN\AppData\Roaming\Code\User\globalStorage\github.copilot-chat\debugCommand;c:\Users\ADMIN\AppData\Roaming\Code\User\globalStorage\github.copilot-chat\copilotCli;C:\Program Files\Eclipse Adoptium\jdk-17.0.16.8-hotspot\bin;C:\Python312\Scripts\;C:\Python312\;C:\Program Files\Common Files\Oracle\Java\javapath;C:\WINDOWS\system32;C:\WINDOWS;C:\WINDOWS\System32\Wbem;C:\WINDOWS\System32\WindowsPowerShell\v1.0\;C:\WINDOWS\System32\OpenSSH\;C:\Program Files\Git\cmd;C:\ProgramData\chocolatey\bin;C:\Program Files\MySQL\MySQL Server 8.0\bin;C:\Program Files\apache-maven-3.9.9-bin\apache-maven-3.9.9\bin;C:\Program Files\spring-boot-cli-3.4.0-bin\spring-3.4.0\bin;C:\php\php-8.3.15-Win32-vs16-x64;C:\Users\ADMIN\AppData\Local\nvm;C:\nvm4w\nodejs;C:\composer;C:\Program Files (x86)\Microsoft SQL Server\160\Tools\Binn\;C:\Program Files\Microsoft SQL Server\160\Tools\Binn\;C:\Program Files\Microsoft SQL Server\Client SDK\ODBC\170\Tools\Binn\;C:\Program Files\Microsoft SQL Server\160\DTS\Binn\;C:\Users\ADMIN\AppData\Local\Android\Sdk\platform-tools;C:\Program Files\Docker\Docker\resources\bin;C:\Program Files\Go\bin;C:\Users\ADMIN\AppData\Local\Programs\Microsoft VS Code\bin;C:\Users\ADMIN\AppData\Local\Programs\cursor\resources\app\bin;C:\Users\ADMIN\AppData\Local\Programs\Windsurf\bin;C:\Users\ADMIN\go\bin;C:\Users\ADMIN\AppData\Local\Programs\Ollama;c:\Users\ADMIN\.vscode\extensions\vscjava.vscode-java-debug-0.59.0\bundled\scripts\noConfigScripts
USERNAME=ADMIN
LANG=en_US.UTF-8
OS=Windows_NT
PROCESSOR_IDENTIFIER=Intel64 Family 6 Model 186 Stepping 3, GenuineIntel
TMP=C:\Users\ADMIN\AppData\Local\Temp
TEMP=C:\Users\ADMIN\AppData\Local\Temp



Periodic native trim disabled


---------------  S Y S T E M  ---------------

OS:
 Windows 11 , 64 bit Build 26100 (10.0.26100.8328)
OS uptime: 22 days 3:23 hours
Hyper-V role detected

CPU: total 12 (initial active 12) (6 cores per cpu, 2 threads per core) family 6 model 186 stepping 3 microcode 0x4114, cx8, cmov, fxsr, ht, mmx, 3dnowpref, sse, sse2, sse3, ssse3, sse4.1, sse4.2, popcnt, lzcnt, tsc, tscinvbit, avx, avx2, aes, erms, clmul, bmi1, bmi2, adx, sha, fma, vzeroupper, clflush, clflushopt, clwb, hv
Processor Information for processor 0
  Max Mhz: 1700, Current Mhz: 1700, Mhz Limit: 1700
Processor Information for processor 1
  Max Mhz: 1700, Current Mhz: 1700, Mhz Limit: 1700
Processor Information for processor 2
  Max Mhz: 1700, Current Mhz: 1700, Mhz Limit: 1700
Processor Information for processor 3
  Max Mhz: 1700, Current Mhz: 1700, Mhz Limit: 1700
Processor Information for processor 4
  Max Mhz: 1700, Current Mhz: 1200, Mhz Limit: 1190
Processor Information for processor 5
  Max Mhz: 1700, Current Mhz: 1200, Mhz Limit: 1190
Processor Information for processor 6
  Max Mhz: 1700, Current Mhz: 1200, Mhz Limit: 1190
Processor Information for processor 7
  Max Mhz: 1700, Current Mhz: 1200, Mhz Limit: 1190
Processor Information for processor 8
  Max Mhz: 1700, Current Mhz: 1200, Mhz Limit: 1190
Processor Information for processor 9
  Max Mhz: 1700, Current Mhz: 1200, Mhz Limit: 1190
Processor Information for processor 10
  Max Mhz: 1700, Current Mhz: 1200, Mhz Limit: 1190
Processor Information for processor 11
  Max Mhz: 1700, Current Mhz: 1200, Mhz Limit: 1190

Memory: 4k page, system-wide physical 16027M (983M free)
TotalPageFile size 65179M (AvailPageFile size 0M)
current process WorkingSet (physical memory assigned to process): 779M, peak: 827M
current process commit charge ("private bytes"): 871M, peak: 888M

vm_info: OpenJDK 64-Bit Server VM (17.0.16+8) for windows-amd64 JRE (17.0.16+8), built on Jul 16 2025 10:37:56 by "admin" with MS VC++ 17.7 (VS2022)

END.
