#
# There is insufficient memory for the Java Runtime Environment to continue.
# Native memory allocation (malloc) failed to allocate 719680 bytes. Error detail: Chunk::new
# Possible reasons:
#   The system is out of physical RAM or swap space
#   This process is running with CompressedOops enabled, and the Java Heap may be blocking the growth of the native heap
# Possible solutions:
#   Reduce memory load on the system
#   Increase physical memory or swap space
#   Check if swap backing store is full
#   Decrease Java heap size (-Xmx/-Xms)
#   Decrease number of Java threads
#   Decrease Java thread stack sizes (-Xss)
#   Set larger code cache with -XX:ReservedCodeCacheSize=
#   JVM is running with Unscaled Compressed Oops mode in which the Java heap is
#     placed in the first 4GB address space. The Java Heap base address is the
#     maximum limit for the native heap growth. Please use -XX:HeapBaseMinAddress
#     to set the Java Heap base and to place the Java Heap above 4GB virtual address.
# This output file may be truncated or incomplete.
#
#  Out of Memory Error (arena.cpp:191), pid=10424, tid=43676
#
# JRE version: OpenJDK Runtime Environment Temurin-17.0.16+8 (17.0.16+8) (build 17.0.16+8)
# Java VM: OpenJDK 64-Bit Server VM Temurin-17.0.16+8 (17.0.16+8, mixed mode, sharing, tiered, compressed oops, compressed class ptrs, g1 gc, windows-amd64)
# No core dump will be written. Minidumps are not enabled by default on client versions of Windows
#

---------------  S U M M A R Y ------------

Command Line: --add-opens=java.base/java.lang=ALL-UNNAMED --add-opens=java.base/java.lang.invoke=ALL-UNNAMED --add-opens=java.base/java.util=ALL-UNNAMED --add-opens=java.prefs/java.util.prefs=ALL-UNNAMED --add-exports=jdk.compiler/com.sun.tools.javac.api=ALL-UNNAMED --add-exports=jdk.compiler/com.sun.tools.javac.util=ALL-UNNAMED --add-opens=java.base/java.util=ALL-UNNAMED --add-opens=java.prefs/java.util.prefs=ALL-UNNAMED --add-opens=java.base/java.nio.charset=ALL-UNNAMED --add-opens=java.base/java.net=ALL-UNNAMED --add-opens=java.base/java.util.concurrent.atomic=ALL-UNNAMED --add-opens=java.xml/javax.xml.namespace=ALL-UNNAMED -XX:MaxMetaspaceSize=512m -Xmx2048m -Dfile.encoding=windows-1252 -Duser.country=US -Duser.language=en -Duser.variant -javaagent:C:\Users\ADMIN\.gradle\wrapper\dists\gradle-8.14.3-bin\cv11ve7ro1n3o1j4so8xd9n66\gradle-8.14.3\lib\agents\gradle-instrumentation-agent-8.14.3.jar org.gradle.launcher.daemon.bootstrap.GradleDaemon 8.14.3

Host: 13th Gen Intel(R) Core(TM) i7-1355U, 12 cores, 15G,  Windows 11 , 64 bit Build 26100 (10.0.26100.8328)
Time: Tue Jun  9 17:27:05 2026 E. Africa Standard Time elapsed time: 78.645102 seconds (0d 0h 1m 18s)

---------------  T H R E A D  ---------------

Current thread (0x000001b6f1dae910):  JavaThread "C2 CompilerThread1" daemon [_thread_in_native, id=43676, stack(0x0000007a54e00000,0x0000007a54f00000)]


Current CompileTask:
C2:  78645 17042       4       org.gradle.internal.execution.workspace.impl.CacheBasedImmutableWorkspaceProvider::getWorkspace (32 bytes)

Stack: [0x0000007a54e00000,0x0000007a54f00000]
Native frames: (J=compiled Java code, j=interpreted, Vv=VM code, C=native code)
V  [jvm.dll+0x683169]
V  [jvm.dll+0x839ac8]
V  [jvm.dll+0x83b573]
V  [jvm.dll+0x83bbe3]
V  [jvm.dll+0x2473ff]
V  [jvm.dll+0xace94]
V  [jvm.dll+0xad52c]
V  [jvm.dll+0x365e0e]
V  [jvm.dll+0x32fff8]
V  [jvm.dll+0x32f47a]
V  [jvm.dll+0x21831f]
V  [jvm.dll+0x21775f]
V  [jvm.dll+0x1a32a0]
V  [jvm.dll+0x227b3c]
V  [jvm.dll+0x225ccb]
V  [jvm.dll+0x7ef2d8]
V  [jvm.dll+0x7e979c]
V  [jvm.dll+0x682047]
C  [ucrtbase.dll+0x37b0]
C  [KERNEL32.DLL+0x2e957]
C  [ntdll.dll+0x427c]


---------------  P R O C E S S  ---------------

Threads class SMR info:
_java_thread_list=0x000001b6f354d900, length=202, elements={
0x000001b6ad1f1670, 0x000001b6cd349900, 0x000001b6cd34a3d0, 0x000001b6cd361ee0,
0x000001b6cd3627b0, 0x000001b6cd363080, 0x000001b6cd363950, 0x000001b6cd366570,
0x000001b6cd366e80, 0x000001b6cd367790, 0x000001b6cd970f60, 0x000001b6cdaf5a10,
0x000001b6ee1ef550, 0x000001b6ee787460, 0x000001b6ee765080, 0x000001b6ee83ee80,
0x000001b6ee729760, 0x000001b6ed56de30, 0x000001b6ed56d410, 0x000001b6ed56d920,
0x000001b6ed56ed60, 0x000001b6ed56e340, 0x000001b6ed56f270, 0x000001b6ed56bac0,
0x000001b6ed56c4e0, 0x000001b6eeadaa00, 0x000001b6eeadcd70, 0x000001b6eeadaf10,
0x000001b6eeadd280, 0x000001b6eeada4f0, 0x000001b6eeade1b0, 0x000001b6eeade6c0,
0x000001b6eeadb420, 0x000001b6eeae0520, 0x000001b6eeae1450, 0x000001b6eeae0010,
0x000001b6eeae0a30, 0x000001b6eeae1960, 0x000001b6eeadf0e0, 0x000001b6eeae0f40,
0x000001b6eeadfb00, 0x000001b6eff187e0, 0x000001b6eff18cf0, 0x000001b6eff1b060,
0x000001b6eff1a640, 0x000001b6eff19200, 0x000001b6eff178b0, 0x000001b6eff1b570,
0x000001b6eff17dc0, 0x000001b6eff1ba80, 0x000001b6eff1a130, 0x000001b6eff182d0,
0x000001b6eff1bf90, 0x000001b6eff1c4a0, 0x000001b6eff1c9b0, 0x000001b6eff1cec0,
0x000001b6eff19710, 0x000001b6eff1d3d0, 0x000001b6eff19c20, 0x000001b6eff1d8e0,
0x000001b6eff1ddf0, 0x000001b6eff1e300, 0x000001b6eff1f230, 0x000001b6eff1e810,
0x000001b6eff1ed20, 0x000001b6eddbe460, 0x000001b6eddbf8a0, 0x000001b6eddbda40,
0x000001b6eddc02c0, 0x000001b6eddbf390, 0x000001b6eddbe970, 0x000001b6eddbfdb0,
0x000001b6eddbdf50, 0x000001b6eddbee80, 0x000001b6eddbcb10, 0x000001b6eddbd020,
0x000001b6eddc2b40, 0x000001b6eddc1c10, 0x000001b6eddc1700, 0x000001b6eddc2120,
0x000001b6eddc3560, 0x000001b6eddc2630, 0x000001b6eddc3a70, 0x000001b6eddc3f80,
0x000001b6eddc3050, 0x000001b6eddc4490, 0x000001b6eddc11f0, 0x000001b6f276bec0,
0x000001b6f276b4a0, 0x000001b6f276d810, 0x000001b6f276a060, 0x000001b6f276e230,
0x000001b6f276aa80, 0x000001b6f276e740, 0x000001b6f276d300, 0x000001b6f276c8e0,
0x000001b6f276dd20, 0x000001b6f276af90, 0x000001b6f276ec50, 0x000001b6f276f160,
0x000001b6f276b9b0, 0x000001b6f276f670, 0x000001b6f276fb80, 0x000001b6f276c3d0,
0x000001b6f2770090, 0x000001b6f27705a0, 0x000001b6f276cdf0, 0x000001b6f2770ab0,
0x000001b6f2770fc0, 0x000001b6f27714d0, 0x000001b6f27719e0, 0x000001b6ed2205a0,
0x000001b6ed21f160, 0x000001b6ed220ab0, 0x000001b6ed222e20, 0x000001b6ed220090,
0x000001b6ed220fc0, 0x000001b6ed2214d0, 0x000001b6ed21f670, 0x000001b6ed2219e0,
0x000001b6ed21fb80, 0x000001b6ed223840, 0x000001b6ed224770, 0x000001b6ed225190,
0x000001b6ed223d50, 0x000001b6ed2256a0, 0x000001b6ed224260, 0x000001b6ed222400,
0x000001b6ed224c80, 0x000001b6ed221ef0, 0x000001b6ed225bb0, 0x000001b6ed2260c0,
0x000001b6ed222910, 0x000001b6ed2265d0, 0x000001b6ed226ae0, 0x000001b6ed223330,
0x000001b6f2fb2e40, 0x000001b6f2fb4790, 0x000001b6f2fb4280, 0x000001b6f2fb3860,
0x000001b6f2fb14f0, 0x000001b6f2fb2420, 0x000001b6f2fb0fe0, 0x000001b6f2fb1a00,
0x000001b6f2fb3d70, 0x000001b6f2fb3350, 0x000001b6f2fb4ca0, 0x000001b6f2fb51b0,
0x000001b6f2fb56c0, 0x000001b6f2fb1f10, 0x000001b6f2fb5bd0, 0x000001b6f2fb60e0,
0x000001b6f2fb8450, 0x000001b6f2fb2930, 0x000001b6f2fb8960, 0x000001b6f2fb7010,
0x000001b6f2fb65f0, 0x000001b6f2fb7520, 0x000001b6f2fb7a30, 0x000001b6f2fb7f40,
0x000001b6f2fb6b00, 0x000001b6f1ba0e00, 0x000001b6f1ba2240, 0x000001b6f1ba1310,
0x000001b6f1ba1820, 0x000001b6f1b9fed0, 0x000001b6f1b9ea90, 0x000001b6f1ba03e0,
0x000001b6f1ba2750, 0x000001b6f1ba1d30, 0x000001b6f1b9efa0, 0x000001b6f1ba08f0,
0x000001b6f1ba2c60, 0x000001b6f1b9f4b0, 0x000001b6f1ba3170, 0x000001b6f1b9f9c0,
0x000001b6f1ba6410, 0x000001b6f1ba5f00, 0x000001b6f1ba3680, 0x000001b6f1ba4ac0,
0x000001b6f1ba3b90, 0x000001b6f1ba40a0, 0x000001b6f1ba45b0, 0x000001b6f1ba4fd0,
0x000001b6f1ba54e0, 0x000001b6f1ba59f0, 0x000001b6eddbd530, 0x000001b6ef78c110,
0x000001b6ef788e70, 0x000001b6ef78a2b0, 0x000001b6ef789890, 0x000001b6ef78d550,
0x000001b6ef78eea0, 0x000001b6ef78f3b0, 0x000001b6ef78bc00, 0x000001b6ef78f8c0,
0x000001b6ef7902e0, 0x000001b6ef7907f0, 0x000001b6f9283cd0, 0x000001b6f92832b0,
0x000001b6f92846f0, 0x000001b6f1dae910
}

Java Threads: ( => current thread )
  0x000001b6ad1f1670 JavaThread "main" [_thread_blocked, id=38528, stack(0x0000007a47300000,0x0000007a47400000)]
  0x000001b6cd349900 JavaThread "Reference Handler" daemon [_thread_blocked, id=47588, stack(0x0000007a47a00000,0x0000007a47b00000)]
  0x000001b6cd34a3d0 JavaThread "Finalizer" daemon [_thread_blocked, id=44076, stack(0x0000007a47b00000,0x0000007a47c00000)]
  0x000001b6cd361ee0 JavaThread "Signal Dispatcher" daemon [_thread_blocked, id=51852, stack(0x0000007a47c00000,0x0000007a47d00000)]
  0x000001b6cd3627b0 JavaThread "Attach Listener" daemon [_thread_blocked, id=33780, stack(0x0000007a47d00000,0x0000007a47e00000)]
  0x000001b6cd363080 JavaThread "Service Thread" daemon [_thread_blocked, id=40464, stack(0x0000007a47e00000,0x0000007a47f00000)]
  0x000001b6cd363950 JavaThread "Monitor Deflation Thread" daemon [_thread_blocked, id=6304, stack(0x0000007a47f00000,0x0000007a48000000)]
  0x000001b6cd366570 JavaThread "C2 CompilerThread0" daemon [_thread_in_native, id=20348, stack(0x0000007a48000000,0x0000007a48100000)]
  0x000001b6cd366e80 JavaThread "C1 CompilerThread0" daemon [_thread_blocked, id=28112, stack(0x0000007a48100000,0x0000007a48200000)]
  0x000001b6cd367790 JavaThread "Sweeper thread" daemon [_thread_blocked, id=11860, stack(0x0000007a48200000,0x0000007a48300000)]
  0x000001b6cd970f60 JavaThread "Common-Cleaner" daemon [_thread_blocked, id=21288, stack(0x0000007a48300000,0x0000007a48400000)]
  0x000001b6cdaf5a10 JavaThread "Notification Thread" daemon [_thread_blocked, id=10216, stack(0x0000007a48400000,0x0000007a48500000)]
  0x000001b6ee1ef550 JavaThread "Daemon health stats" [_thread_blocked, id=25424, stack(0x0000007a48c00000,0x0000007a48d00000)]
  0x000001b6ee787460 JavaThread "Incoming local TCP Connector on port 55280" [_thread_in_native, id=26604, stack(0x0000007a48600000,0x0000007a48700000)]
  0x000001b6ee765080 JavaThread "Daemon periodic checks" [_thread_blocked, id=51448, stack(0x0000007a48d00000,0x0000007a48e00000)]
  0x000001b6ee83ee80 JavaThread "Daemon" [_thread_blocked, id=21756, stack(0x0000007a48f00000,0x0000007a49000000)]
  0x000001b6ee729760 JavaThread "Handler for socket connection from /127.0.0.1:55280 to /127.0.0.1:55281" [_thread_in_native, id=26676, stack(0x0000007a49000000,0x0000007a49100000)]
  0x000001b6ed56de30 JavaThread "Cancel handler" [_thread_blocked, id=29432, stack(0x0000007a48e00000,0x0000007a48f00000)]
  0x000001b6ed56d410 JavaThread "Daemon worker" [_thread_in_native, id=36516, stack(0x0000007a49100000,0x0000007a49200000)]
  0x000001b6ed56d920 JavaThread "Asynchronous log dispatcher for DefaultDaemonConnection: socket connection from /127.0.0.1:55280 to /127.0.0.1:55281" [_thread_blocked, id=45776, stack(0x0000007a49300000,0x0000007a49400000)]
  0x000001b6ed56ed60 JavaThread "Stdin handler" [_thread_blocked, id=38100, stack(0x0000007a49400000,0x0000007a49500000)]
  0x000001b6ed56e340 JavaThread "Daemon client event forwarder" [_thread_blocked, id=40508, stack(0x0000007a49500000,0x0000007a49600000)]
  0x000001b6ed56f270 JavaThread "Cache worker for journal cache (C:\Users\ADMIN\.gradle\caches\journal-1)" [_thread_blocked, id=49816, stack(0x0000007a49600000,0x0000007a49700000)]
  0x000001b6ed56bac0 JavaThread "File lock request listener" [_thread_in_native, id=44680, stack(0x0000007a49700000,0x0000007a49800000)]
  0x000001b6ed56c4e0 JavaThread "Cache worker for file hash cache (C:\Users\ADMIN\.gradle\caches\8.14.3\fileHashes)" [_thread_blocked, id=7416, stack(0x0000007a49800000,0x0000007a49900000)]
  0x000001b6eeadaa00 JavaThread "Cache worker for file hash cache (C:\betmundial\android\.gradle\8.14.3\fileHashes)" [_thread_blocked, id=11108, stack(0x0000007a49900000,0x0000007a49a00000)]
  0x000001b6eeadcd70 JavaThread "Cache worker for Build Output Cleanup Cache (C:\betmundial\android\.gradle\buildOutputCleanup)" [_thread_blocked, id=18600, stack(0x0000007a49a00000,0x0000007a49b00000)]
  0x000001b6eeadaf10 JavaThread "File watcher server" daemon [_thread_in_native, id=15940, stack(0x0000007a4a100000,0x0000007a4a200000)]
  0x000001b6eeadd280 JavaThread "File watcher consumer" daemon [_thread_blocked, id=44512, stack(0x0000007a4a200000,0x0000007a4a300000)]
  0x000001b6eeada4f0 JavaThread "jar transforms" [_thread_blocked, id=9268, stack(0x0000007a4a300000,0x0000007a4a400000)]
  0x000001b6eeade1b0 JavaThread "Cache worker for checksums cache (C:\betmundial\android\.gradle\8.14.3\checksums)" [_thread_blocked, id=29012, stack(0x0000007a4a400000,0x0000007a4a500000)]
  0x000001b6eeade6c0 JavaThread "Cache worker for file content cache (C:\Users\ADMIN\.gradle\caches\8.14.3\fileContent)" [_thread_blocked, id=8208, stack(0x0000007a4a500000,0x0000007a4a600000)]
  0x000001b6eeadb420 JavaThread "Cache worker for cache directory md-supplier (C:\Users\ADMIN\.gradle\caches\8.14.3\md-supplier)" [_thread_blocked, id=4516, stack(0x0000007a4a600000,0x0000007a4a700000)]
  0x000001b6eeae0520 JavaThread "Cache worker for cache directory md-rule (C:\Users\ADMIN\.gradle\caches\8.14.3\md-rule)" [_thread_blocked, id=24300, stack(0x0000007a4a700000,0x0000007a4a800000)]
  0x000001b6eeae1450 JavaThread "Cache worker for Build Output Cleanup Cache (C:\betmundial\node_modules\@react-native\gradle-plugin\.gradle\buildOutputCleanup)" [_thread_blocked, id=38560, stack(0x0000007a4a800000,0x0000007a4a900000)]
  0x000001b6eeae0010 JavaThread "Unconstrained build operations" [_thread_blocked, id=42028, stack(0x0000007a49200000,0x0000007a49300000)]
  0x000001b6eeae0a30 JavaThread "Unconstrained build operations Thread 2" [_thread_blocked, id=29992, stack(0x0000007a4aa00000,0x0000007a4ab00000)]
  0x000001b6eeae1960 JavaThread "Unconstrained build operations Thread 3" [_thread_blocked, id=10968, stack(0x0000007a4ab00000,0x0000007a4ac00000)]
  0x000001b6eeadf0e0 JavaThread "Unconstrained build operations Thread 4" [_thread_blocked, id=30212, stack(0x0000007a4ac00000,0x0000007a4ad00000)]
  0x000001b6eeae0f40 JavaThread "Unconstrained build operations Thread 5" [_thread_blocked, id=18680, stack(0x0000007a4ad00000,0x0000007a4ae00000)]
  0x000001b6eeadfb00 JavaThread "Unconstrained build operations Thread 6" [_thread_blocked, id=11452, stack(0x0000007a4ae00000,0x0000007a4af00000)]
  0x000001b6eff187e0 JavaThread "Unconstrained build operations Thread 7" [_thread_blocked, id=19940, stack(0x0000007a4b000000,0x0000007a4b100000)]
  0x000001b6eff18cf0 JavaThread "Unconstrained build operations Thread 8" [_thread_blocked, id=34680, stack(0x0000007a4b100000,0x0000007a4b200000)]
  0x000001b6eff1b060 JavaThread "Unconstrained build operations Thread 9" [_thread_blocked, id=860, stack(0x0000007a4b200000,0x0000007a4b300000)]
  0x000001b6eff1a640 JavaThread "Unconstrained build operations Thread 10" [_thread_blocked, id=22468, stack(0x0000007a4b300000,0x0000007a4b400000)]
  0x000001b6eff19200 JavaThread "Unconstrained build operations Thread 11" [_thread_blocked, id=36456, stack(0x0000007a4b400000,0x0000007a4b500000)]
  0x000001b6eff178b0 JavaThread "Unconstrained build operations Thread 12" [_thread_blocked, id=24840, stack(0x0000007a4b500000,0x0000007a4b600000)]
  0x000001b6eff1b570 JavaThread "Unconstrained build operations Thread 13" [_thread_blocked, id=20492, stack(0x0000007a4b600000,0x0000007a4b700000)]
  0x000001b6eff17dc0 JavaThread "Unconstrained build operations Thread 14" [_thread_blocked, id=3824, stack(0x0000007a4b700000,0x0000007a4b800000)]
  0x000001b6eff1ba80 JavaThread "Unconstrained build operations Thread 15" [_thread_blocked, id=42940, stack(0x0000007a4b800000,0x0000007a4b900000)]
  0x000001b6eff1a130 JavaThread "Unconstrained build operations Thread 16" [_thread_blocked, id=21396, stack(0x0000007a4b900000,0x0000007a4ba00000)]
  0x000001b6eff182d0 JavaThread "Unconstrained build operations Thread 17" [_thread_blocked, id=24088, stack(0x0000007a4ba00000,0x0000007a4bb00000)]
  0x000001b6eff1bf90 JavaThread "Unconstrained build operations Thread 18" [_thread_blocked, id=46572, stack(0x0000007a4af00000,0x0000007a4b000000)]
  0x000001b6eff1c4a0 JavaThread "Unconstrained build operations Thread 19" [_thread_blocked, id=11720, stack(0x0000007a4bb00000,0x0000007a4bc00000)]
  0x000001b6eff1c9b0 JavaThread "Unconstrained build operations Thread 20" [_thread_blocked, id=49200, stack(0x0000007a4bc00000,0x0000007a4bd00000)]
  0x000001b6eff1cec0 JavaThread "Unconstrained build operations Thread 21" [_thread_blocked, id=27700, stack(0x0000007a4bd00000,0x0000007a4be00000)]
  0x000001b6eff19710 JavaThread "Unconstrained build operations Thread 22" [_thread_blocked, id=50164, stack(0x0000007a4be00000,0x0000007a4bf00000)]
  0x000001b6eff1d3d0 JavaThread "Unconstrained build operations Thread 23" [_thread_blocked, id=39244, stack(0x0000007a4bf00000,0x0000007a4c000000)]
  0x000001b6eff19c20 JavaThread "Unconstrained build operations Thread 24" [_thread_blocked, id=50092, stack(0x0000007a4c000000,0x0000007a4c100000)]
  0x000001b6eff1d8e0 JavaThread "Unconstrained build operations Thread 25" [_thread_blocked, id=10956, stack(0x0000007a4c100000,0x0000007a4c200000)]
  0x000001b6eff1ddf0 JavaThread "Unconstrained build operations Thread 26" [_thread_blocked, id=48044, stack(0x0000007a4c200000,0x0000007a4c300000)]
  0x000001b6eff1e300 JavaThread "Unconstrained build operations Thread 27" [_thread_blocked, id=30140, stack(0x0000007a4c300000,0x0000007a4c400000)]
  0x000001b6eff1f230 JavaThread "Unconstrained build operations Thread 28" [_thread_blocked, id=52032, stack(0x0000007a4c400000,0x0000007a4c500000)]
  0x000001b6eff1e810 JavaThread "Unconstrained build operations Thread 29" [_thread_blocked, id=21904, stack(0x0000007a4c600000,0x0000007a4c700000)]
  0x000001b6eff1ed20 JavaThread "Unconstrained build operations Thread 30" [_thread_blocked, id=33864, stack(0x0000007a4c700000,0x0000007a4c800000)]
  0x000001b6eddbe460 JavaThread "Unconstrained build operations Thread 31" [_thread_blocked, id=44572, stack(0x0000007a4c800000,0x0000007a4c900000)]
  0x000001b6eddbf8a0 JavaThread "Unconstrained build operations Thread 32" [_thread_blocked, id=9076, stack(0x0000007a4c900000,0x0000007a4ca00000)]
  0x000001b6eddbda40 JavaThread "Unconstrained build operations Thread 33" [_thread_blocked, id=21248, stack(0x0000007a4ca00000,0x0000007a4cb00000)]
  0x000001b6eddc02c0 JavaThread "Unconstrained build operations Thread 34" [_thread_blocked, id=17608, stack(0x0000007a4cb00000,0x0000007a4cc00000)]
  0x000001b6eddbf390 JavaThread "Unconstrained build operations Thread 35" [_thread_blocked, id=12620, stack(0x0000007a4cc00000,0x0000007a4cd00000)]
  0x000001b6eddbe970 JavaThread "Unconstrained build operations Thread 36" [_thread_blocked, id=34424, stack(0x0000007a4cd00000,0x0000007a4ce00000)]
  0x000001b6eddbfdb0 JavaThread "Unconstrained build operations Thread 37" [_thread_blocked, id=52012, stack(0x0000007a4ce00000,0x0000007a4cf00000)]
  0x000001b6eddbdf50 JavaThread "Unconstrained build operations Thread 38" [_thread_blocked, id=25220, stack(0x0000007a4cf00000,0x0000007a4d000000)]
  0x000001b6eddbee80 JavaThread "Unconstrained build operations Thread 39" [_thread_blocked, id=17748, stack(0x0000007a4d000000,0x0000007a4d100000)]
  0x000001b6eddbcb10 JavaThread "build event listener" [_thread_blocked, id=45124, stack(0x0000007a4c500000,0x0000007a4c600000)]
  0x000001b6eddbd020 JavaThread "Memory manager" [_thread_blocked, id=47772, stack(0x0000007a4d200000,0x0000007a4d300000)]
  0x000001b6eddc2b40 JavaThread "ForkJoinPool.commonPool-worker-1" daemon [_thread_blocked, id=7384, stack(0x0000007a4d400000,0x0000007a4d500000)]
  0x000001b6eddc1c10 JavaThread "ForkJoinPool.commonPool-worker-2" daemon [_thread_blocked, id=52180, stack(0x0000007a4d500000,0x0000007a4d600000)]
  0x000001b6eddc1700 JavaThread "ForkJoinPool.commonPool-worker-3" daemon [_thread_blocked, id=13208, stack(0x0000007a4d600000,0x0000007a4d700000)]
  0x000001b6eddc2120 JavaThread "ForkJoinPool.commonPool-worker-4" daemon [_thread_blocked, id=36952, stack(0x0000007a4d700000,0x0000007a4d800000)]
  0x000001b6eddc3560 JavaThread "ForkJoinPool.commonPool-worker-5" daemon [_thread_blocked, id=39472, stack(0x0000007a4d800000,0x0000007a4d900000)]
  0x000001b6eddc2630 JavaThread "ForkJoinPool.commonPool-worker-6" daemon [_thread_blocked, id=24572, stack(0x0000007a4d900000,0x0000007a4da00000)]
  0x000001b6eddc3a70 JavaThread "ForkJoinPool.commonPool-worker-7" daemon [_thread_blocked, id=26480, stack(0x0000007a4da00000,0x0000007a4db00000)]
  0x000001b6eddc3f80 JavaThread "ForkJoinPool.commonPool-worker-8" daemon [_thread_blocked, id=18368, stack(0x0000007a4db00000,0x0000007a4dc00000)]
  0x000001b6eddc3050 JavaThread "ForkJoinPool.commonPool-worker-9" daemon [_thread_blocked, id=51716, stack(0x0000007a4dc00000,0x0000007a4dd00000)]
  0x000001b6eddc4490 JavaThread "Exec process" daemon [_thread_blocked, id=39528, stack(0x0000007a4dd00000,0x0000007a4de00000)]
  0x000001b6eddc11f0 JavaThread "ForkJoinPool.commonPool-worker-10" daemon [_thread_blocked, id=29172, stack(0x0000007a4de00000,0x0000007a4df00000)]
  0x000001b6f276bec0 JavaThread "Exec process Thread 2" daemon [_thread_blocked, id=42500, stack(0x0000007a4df00000,0x0000007a4e000000)]
  0x000001b6f276b4a0 JavaThread "Exec process Thread 3" daemon [_thread_blocked, id=10476, stack(0x0000007a4e000000,0x0000007a4e100000)]
  0x000001b6f276d810 JavaThread "ForkJoinPool.commonPool-worker-11" daemon [_thread_blocked, id=9084, stack(0x0000007a4e100000,0x0000007a4e200000)]
  0x000001b6f276a060 JavaThread "included builds" [_thread_blocked, id=37444, stack(0x0000007a4d300000,0x0000007a4d400000)]
  0x000001b6f276e230 JavaThread "Execution worker" [_thread_blocked, id=45484, stack(0x0000007a4e200000,0x0000007a4e300000)]
  0x000001b6f276aa80 JavaThread "Execution worker Thread 2" [_thread_blocked, id=7648, stack(0x0000007a4e300000,0x0000007a4e400000)]
  0x000001b6f276e740 JavaThread "Execution worker Thread 3" [_thread_blocked, id=13668, stack(0x0000007a4e400000,0x0000007a4e500000)]
  0x000001b6f276d300 JavaThread "Execution worker Thread 4" [_thread_blocked, id=29216, stack(0x0000007a4e500000,0x0000007a4e600000)]
  0x000001b6f276c8e0 JavaThread "Execution worker Thread 5" [_thread_blocked, id=28252, stack(0x0000007a4e600000,0x0000007a4e700000)]
  0x000001b6f276dd20 JavaThread "Execution worker Thread 6" [_thread_blocked, id=5592, stack(0x0000007a4e700000,0x0000007a4e800000)]
  0x000001b6f276af90 JavaThread "Execution worker Thread 7" [_thread_blocked, id=27872, stack(0x0000007a4e800000,0x0000007a4e900000)]
  0x000001b6f276ec50 JavaThread "Execution worker Thread 8" [_thread_blocked, id=5332, stack(0x0000007a4e900000,0x0000007a4ea00000)]
  0x000001b6f276f160 JavaThread "Execution worker Thread 9" [_thread_blocked, id=43344, stack(0x0000007a4ea00000,0x0000007a4eb00000)]
  0x000001b6f276b9b0 JavaThread "Execution worker Thread 10" [_thread_blocked, id=21000, stack(0x0000007a4eb00000,0x0000007a4ec00000)]
  0x000001b6f276f670 JavaThread "Execution worker Thread 11" [_thread_blocked, id=19160, stack(0x0000007a4ec00000,0x0000007a4ed00000)]
  0x000001b6f276fb80 JavaThread "Cache worker for execution history cache (C:\betmundial\node_modules\@react-native\gradle-plugin\.gradle\8.14.3\executionHistory)" [_thread_blocked, id=52728, stack(0x0000007a4ed00000,0x0000007a4ee00000)]
  0x000001b6f276c3d0 JavaThread "Unconstrained build operations Thread 40" [_thread_blocked, id=22612, stack(0x0000007a4ee00000,0x0000007a4ef00000)]
  0x000001b6f2770090 JavaThread "Unconstrained build operations Thread 41" [_thread_blocked, id=26704, stack(0x0000007a4ef00000,0x0000007a4f000000)]
  0x000001b6f27705a0 JavaThread "Unconstrained build operations Thread 42" [_thread_blocked, id=29852, stack(0x0000007a4f000000,0x0000007a4f100000)]
  0x000001b6f276cdf0 JavaThread "Unconstrained build operations Thread 43" [_thread_blocked, id=53184, stack(0x0000007a4f100000,0x0000007a4f200000)]
  0x000001b6f2770ab0 JavaThread "Unconstrained build operations Thread 44" [_thread_blocked, id=42448, stack(0x0000007a4f200000,0x0000007a4f300000)]
  0x000001b6f2770fc0 JavaThread "Unconstrained build operations Thread 45" [_thread_blocked, id=5768, stack(0x0000007a4f300000,0x0000007a4f400000)]
  0x000001b6f27714d0 JavaThread "Unconstrained build operations Thread 46" [_thread_blocked, id=51400, stack(0x0000007a4f400000,0x0000007a4f500000)]
  0x000001b6f27719e0 JavaThread "Unconstrained build operations Thread 47" [_thread_blocked, id=37248, stack(0x0000007a4f500000,0x0000007a4f600000)]
  0x000001b6ed2205a0 JavaThread "Unconstrained build operations Thread 48" [_thread_blocked, id=34652, stack(0x0000007a4f600000,0x0000007a4f700000)]
  0x000001b6ed21f160 JavaThread "Unconstrained build operations Thread 49" [_thread_blocked, id=32520, stack(0x0000007a4f700000,0x0000007a4f800000)]
  0x000001b6ed220ab0 JavaThread "Unconstrained build operations Thread 50" [_thread_blocked, id=41900, stack(0x0000007a4f800000,0x0000007a4f900000)]
  0x000001b6ed222e20 JavaThread "Unconstrained build operations Thread 51" [_thread_blocked, id=19508, stack(0x0000007a4f900000,0x0000007a4fa00000)]
  0x000001b6ed220090 JavaThread "Unconstrained build operations Thread 52" [_thread_blocked, id=32740, stack(0x0000007a4fa00000,0x0000007a4fb00000)]
  0x000001b6ed220fc0 JavaThread "Unconstrained build operations Thread 53" [_thread_blocked, id=5080, stack(0x0000007a4fb00000,0x0000007a4fc00000)]
  0x000001b6ed2214d0 JavaThread "Unconstrained build operations Thread 54" [_thread_blocked, id=6328, stack(0x0000007a4fc00000,0x0000007a4fd00000)]
  0x000001b6ed21f670 JavaThread "Unconstrained build operations Thread 55" [_thread_blocked, id=22804, stack(0x0000007a4fd00000,0x0000007a4fe00000)]
  0x000001b6ed2219e0 JavaThread "Unconstrained build operations Thread 56" [_thread_blocked, id=45236, stack(0x0000007a4fe00000,0x0000007a4ff00000)]
  0x000001b6ed21fb80 JavaThread "Unconstrained build operations Thread 57" [_thread_blocked, id=7832, stack(0x0000007a4ff00000,0x0000007a50000000)]
  0x000001b6ed223840 JavaThread "Unconstrained build operations Thread 58" [_thread_blocked, id=51088, stack(0x0000007a50000000,0x0000007a50100000)]
  0x000001b6ed224770 JavaThread "Unconstrained build operations Thread 59" [_thread_blocked, id=44936, stack(0x0000007a50100000,0x0000007a50200000)]
  0x000001b6ed225190 JavaThread "Unconstrained build operations Thread 60" [_thread_blocked, id=8724, stack(0x0000007a50200000,0x0000007a50300000)]
  0x000001b6ed223d50 JavaThread "Unconstrained build operations Thread 61" [_thread_blocked, id=23684, stack(0x0000007a50300000,0x0000007a50400000)]
  0x000001b6ed2256a0 JavaThread "Unconstrained build operations Thread 62" [_thread_blocked, id=47668, stack(0x0000007a50400000,0x0000007a50500000)]
  0x000001b6ed224260 JavaThread "Unconstrained build operations Thread 63" [_thread_blocked, id=47700, stack(0x0000007a50500000,0x0000007a50600000)]
  0x000001b6ed222400 JavaThread "Unconstrained build operations Thread 64" [_thread_blocked, id=24156, stack(0x0000007a50600000,0x0000007a50700000)]
  0x000001b6ed224c80 JavaThread "Unconstrained build operations Thread 65" [_thread_blocked, id=15368, stack(0x0000007a50700000,0x0000007a50800000)]
  0x000001b6ed221ef0 JavaThread "Unconstrained build operations Thread 66" [_thread_blocked, id=23620, stack(0x0000007a50800000,0x0000007a50900000)]
  0x000001b6ed225bb0 JavaThread "Unconstrained build operations Thread 67" [_thread_blocked, id=41276, stack(0x0000007a50900000,0x0000007a50a00000)]
  0x000001b6ed2260c0 JavaThread "Unconstrained build operations Thread 68" [_thread_blocked, id=29968, stack(0x0000007a50a00000,0x0000007a50b00000)]
  0x000001b6ed222910 JavaThread "Unconstrained build operations Thread 69" [_thread_blocked, id=48424, stack(0x0000007a50b00000,0x0000007a50c00000)]
  0x000001b6ed2265d0 JavaThread "Unconstrained build operations Thread 70" [_thread_blocked, id=2764, stack(0x0000007a50c00000,0x0000007a50d00000)]
  0x000001b6ed226ae0 JavaThread "Unconstrained build operations Thread 71" [_thread_blocked, id=21392, stack(0x0000007a50d00000,0x0000007a50e00000)]
  0x000001b6ed223330 JavaThread "Unconstrained build operations Thread 72" [_thread_blocked, id=38144, stack(0x0000007a50e00000,0x0000007a50f00000)]
  0x000001b6f2fb2e40 JavaThread "Unconstrained build operations Thread 73" [_thread_blocked, id=34804, stack(0x0000007a50f00000,0x0000007a51000000)]
  0x000001b6f2fb4790 JavaThread "Unconstrained build operations Thread 74" [_thread_blocked, id=21172, stack(0x0000007a51000000,0x0000007a51100000)]
  0x000001b6f2fb4280 JavaThread "Unconstrained build operations Thread 75" [_thread_blocked, id=37032, stack(0x0000007a51100000,0x0000007a51200000)]
  0x000001b6f2fb3860 JavaThread "Unconstrained build operations Thread 76" [_thread_blocked, id=32488, stack(0x0000007a51200000,0x0000007a51300000)]
  0x000001b6f2fb14f0 JavaThread "Unconstrained build operations Thread 77" [_thread_blocked, id=29332, stack(0x0000007a51300000,0x0000007a51400000)]
  0x000001b6f2fb2420 JavaThread "Unconstrained build operations Thread 78" [_thread_blocked, id=30644, stack(0x0000007a51400000,0x0000007a51500000)]
  0x000001b6f2fb0fe0 JavaThread "Unconstrained build operations Thread 79" [_thread_blocked, id=29892, stack(0x0000007a51500000,0x0000007a51600000)]
  0x000001b6f2fb1a00 JavaThread "Unconstrained build operations Thread 80" [_thread_blocked, id=3516, stack(0x0000007a51600000,0x0000007a51700000)]
  0x000001b6f2fb3d70 JavaThread "Unconstrained build operations Thread 81" [_thread_blocked, id=37660, stack(0x0000007a51700000,0x0000007a51800000)]
  0x000001b6f2fb3350 JavaThread "Unconstrained build operations Thread 82" [_thread_blocked, id=38188, stack(0x0000007a51800000,0x0000007a51900000)]
  0x000001b6f2fb4ca0 JavaThread "Unconstrained build operations Thread 83" [_thread_blocked, id=22096, stack(0x0000007a51900000,0x0000007a51a00000)]
  0x000001b6f2fb51b0 JavaThread "Unconstrained build operations Thread 84" [_thread_blocked, id=48532, stack(0x0000007a51a00000,0x0000007a51b00000)]
  0x000001b6f2fb56c0 JavaThread "Unconstrained build operations Thread 85" [_thread_blocked, id=27320, stack(0x0000007a51b00000,0x0000007a51c00000)]
  0x000001b6f2fb1f10 JavaThread "Unconstrained build operations Thread 86" [_thread_blocked, id=26248, stack(0x0000007a51c00000,0x0000007a51d00000)]
  0x000001b6f2fb5bd0 JavaThread "Unconstrained build operations Thread 87" [_thread_blocked, id=34548, stack(0x0000007a51d00000,0x0000007a51e00000)]
  0x000001b6f2fb60e0 JavaThread "Unconstrained build operations Thread 88" [_thread_blocked, id=12348, stack(0x0000007a51e00000,0x0000007a51f00000)]
  0x000001b6f2fb8450 JavaThread "Unconstrained build operations Thread 89" [_thread_blocked, id=43408, stack(0x0000007a51f00000,0x0000007a52000000)]
  0x000001b6f2fb2930 JavaThread "Unconstrained build operations Thread 90" [_thread_blocked, id=12220, stack(0x0000007a52000000,0x0000007a52100000)]
  0x000001b6f2fb8960 JavaThread "Unconstrained build operations Thread 91" [_thread_blocked, id=48028, stack(0x0000007a52100000,0x0000007a52200000)]
  0x000001b6f2fb7010 JavaThread "Unconstrained build operations Thread 92" [_thread_blocked, id=27104, stack(0x0000007a52200000,0x0000007a52300000)]
  0x000001b6f2fb65f0 JavaThread "Unconstrained build operations Thread 93" [_thread_blocked, id=6188, stack(0x0000007a52300000,0x0000007a52400000)]
  0x000001b6f2fb7520 JavaThread "Unconstrained build operations Thread 94" [_thread_blocked, id=46712, stack(0x0000007a52400000,0x0000007a52500000)]
  0x000001b6f2fb7a30 JavaThread "Unconstrained build operations Thread 95" [_thread_blocked, id=52296, stack(0x0000007a52500000,0x0000007a52600000)]
  0x000001b6f2fb7f40 JavaThread "Unconstrained build operations Thread 96" [_thread_blocked, id=52820, stack(0x0000007a52600000,0x0000007a52700000)]
  0x000001b6f2fb6b00 JavaThread "Unconstrained build operations Thread 97" [_thread_blocked, id=40632, stack(0x0000007a52700000,0x0000007a52800000)]
  0x000001b6f1ba0e00 JavaThread "Unconstrained build operations Thread 98" [_thread_blocked, id=37544, stack(0x0000007a52800000,0x0000007a52900000)]
  0x000001b6f1ba2240 JavaThread "Unconstrained build operations Thread 99" [_thread_blocked, id=26476, stack(0x0000007a52900000,0x0000007a52a00000)]
  0x000001b6f1ba1310 JavaThread "Unconstrained build operations Thread 100" [_thread_blocked, id=49416, stack(0x0000007a52a00000,0x0000007a52b00000)]
  0x000001b6f1ba1820 JavaThread "Unconstrained build operations Thread 101" [_thread_blocked, id=10688, stack(0x0000007a52b00000,0x0000007a52c00000)]
  0x000001b6f1b9fed0 JavaThread "Unconstrained build operations Thread 102" [_thread_blocked, id=33028, stack(0x0000007a52c00000,0x0000007a52d00000)]
  0x000001b6f1b9ea90 JavaThread "Unconstrained build operations Thread 103" [_thread_blocked, id=39016, stack(0x0000007a52d00000,0x0000007a52e00000)]
  0x000001b6f1ba03e0 JavaThread "Unconstrained build operations Thread 104" [_thread_blocked, id=46104, stack(0x0000007a52e00000,0x0000007a52f00000)]
  0x000001b6f1ba2750 JavaThread "Unconstrained build operations Thread 105" [_thread_blocked, id=37316, stack(0x0000007a52f00000,0x0000007a53000000)]
  0x000001b6f1ba1d30 JavaThread "Unconstrained build operations Thread 106" [_thread_blocked, id=36956, stack(0x0000007a53000000,0x0000007a53100000)]
  0x000001b6f1b9efa0 JavaThread "Unconstrained build operations Thread 107" [_thread_blocked, id=53076, stack(0x0000007a53100000,0x0000007a53200000)]
  0x000001b6f1ba08f0 JavaThread "Unconstrained build operations Thread 108" [_thread_blocked, id=508, stack(0x0000007a53200000,0x0000007a53300000)]
  0x000001b6f1ba2c60 JavaThread "Unconstrained build operations Thread 109" [_thread_blocked, id=2808, stack(0x0000007a53300000,0x0000007a53400000)]
  0x000001b6f1b9f4b0 JavaThread "Unconstrained build operations Thread 110" [_thread_blocked, id=38688, stack(0x0000007a53400000,0x0000007a53500000)]
  0x000001b6f1ba3170 JavaThread "Unconstrained build operations Thread 111" [_thread_blocked, id=50800, stack(0x0000007a53500000,0x0000007a53600000)]
  0x000001b6f1b9f9c0 JavaThread "Unconstrained build operations Thread 112" [_thread_blocked, id=3228, stack(0x0000007a53600000,0x0000007a53700000)]
  0x000001b6f1ba6410 JavaThread "Unconstrained build operations Thread 113" [_thread_blocked, id=19232, stack(0x0000007a53700000,0x0000007a53800000)]
  0x000001b6f1ba5f00 JavaThread "Unconstrained build operations Thread 114" [_thread_blocked, id=6064, stack(0x0000007a53800000,0x0000007a53900000)]
  0x000001b6f1ba3680 JavaThread "jar transforms Thread 2" [_thread_blocked, id=15856, stack(0x0000007a53900000,0x0000007a53a00000)]
  0x000001b6f1ba4ac0 JavaThread "jar transforms Thread 3" [_thread_blocked, id=21552, stack(0x0000007a53b00000,0x0000007a53c00000)]
  0x000001b6f1ba3b90 JavaThread "Unconstrained build operations Thread 115" [_thread_blocked, id=17848, stack(0x0000007a53a00000,0x0000007a53b00000)]
  0x000001b6f1ba40a0 JavaThread "Unconstrained build operations Thread 116" [_thread_blocked, id=4720, stack(0x0000007a53c00000,0x0000007a53d00000)]
  0x000001b6f1ba45b0 JavaThread "Unconstrained build operations Thread 117" [_thread_blocked, id=50256, stack(0x0000007a53d00000,0x0000007a53e00000)]
  0x000001b6f1ba4fd0 JavaThread "Unconstrained build operations Thread 118" [_thread_blocked, id=9972, stack(0x0000007a53e00000,0x0000007a53f00000)]
  0x000001b6f1ba54e0 JavaThread "Unconstrained build operations Thread 119" [_thread_blocked, id=46112, stack(0x0000007a53f00000,0x0000007a54000000)]
  0x000001b6f1ba59f0 JavaThread "Unconstrained build operations Thread 120" [_thread_blocked, id=46544, stack(0x0000007a54000000,0x0000007a54100000)]
  0x000001b6eddbd530 JavaThread "jar transforms Thread 4" [_thread_blocked, id=15804, stack(0x0000007a47100000,0x0000007a47200000)]
  0x000001b6ef78c110 JavaThread "jar transforms Thread 5" [_thread_blocked, id=33308, stack(0x0000007a54100000,0x0000007a54200000)]
  0x000001b6ef788e70 JavaThread "jar transforms Thread 6" [_thread_blocked, id=43368, stack(0x0000007a54200000,0x0000007a54300000)]
  0x000001b6ef78a2b0 JavaThread "build event listener" [_thread_blocked, id=26052, stack(0x0000007a54500000,0x0000007a54600000)]
  0x000001b6ef789890 JavaThread "File lock release action executor" [_thread_blocked, id=34716, stack(0x0000007a54600000,0x0000007a54700000)]
  0x000001b6ef78d550 JavaThread "Problems report writer" [_thread_blocked, id=24044, stack(0x0000007a54700000,0x0000007a54800000)]
  0x000001b6ef78eea0 JavaThread "jar transforms Thread 7" [_thread_blocked, id=22236, stack(0x0000007a54900000,0x0000007a54a00000)]
  0x000001b6ef78f3b0 JavaThread "jar transforms Thread 8" [_thread_blocked, id=19720, stack(0x0000007a54800000,0x0000007a54900000)]
  0x000001b6ef78bc00 JavaThread "jar transforms Thread 9" [_thread_blocked, id=10660, stack(0x0000007a4d100000,0x0000007a4d200000)]
  0x000001b6ef78f8c0 JavaThread "jar transforms Thread 10" [_thread_blocked, id=36596, stack(0x0000007a54b00000,0x0000007a54c00000)]
  0x000001b6ef7902e0 JavaThread "jar transforms Thread 11" [_thread_blocked, id=13296, stack(0x0000007a54a00000,0x0000007a54b00000)]
  0x000001b6ef7907f0 JavaThread "jar transforms Thread 12" [_thread_blocked, id=18472, stack(0x0000007a54c00000,0x0000007a54d00000)]
  0x000001b6f9283cd0 JavaThread "Exec process" [_thread_blocked, id=26884, stack(0x0000007a47000000,0x0000007a47100000)]
  0x000001b6f92832b0 JavaThread "Exec process Thread 2" [_thread_blocked, id=23008, stack(0x0000007a47200000,0x0000007a47300000)]
  0x000001b6f92846f0 JavaThread "Exec process Thread 3" [_thread_blocked, id=41512, stack(0x0000007a54d00000,0x0000007a54e00000)]
=>0x000001b6f1dae910 JavaThread "C2 CompilerThread1" daemon [_thread_in_native, id=43676, stack(0x0000007a54e00000,0x0000007a54f00000)]

Other Threads:
  0x000001b6cd347100 VMThread "VM Thread" [stack: 0x0000007a47900000,0x0000007a47a00000] [id=45760]
  0x000001b6ad1f31b0 WatcherThread [stack: 0x0000007a48500000,0x0000007a48600000] [id=45576]
  0x000001b6ad24f430 GCTaskThread "GC Thread#0" [stack: 0x0000007a47400000,0x0000007a47500000] [id=25256]
  0x000001b6cdc63200 GCTaskThread "GC Thread#1" [stack: 0x0000007a48700000,0x0000007a48800000] [id=33264]
  0x000001b6ed0ded70 GCTaskThread "GC Thread#2" [stack: 0x0000007a48800000,0x0000007a48900000] [id=22036]
  0x000001b6ed0df030 GCTaskThread "GC Thread#3" [stack: 0x0000007a48900000,0x0000007a48a00000] [id=47660]
  0x000001b6cdcb7980 GCTaskThread "GC Thread#4" [stack: 0x0000007a48a00000,0x0000007a48b00000] [id=20292]
  0x000001b6cdcb7c40 GCTaskThread "GC Thread#5" [stack: 0x0000007a48b00000,0x0000007a48c00000] [id=40504]
  0x000001b6f1ed2c20 GCTaskThread "GC Thread#6" [stack: 0x0000007a49b00000,0x0000007a49c00000] [id=33304]
  0x000001b6ee17a010 GCTaskThread "GC Thread#7" [stack: 0x0000007a49c00000,0x0000007a49d00000] [id=42004]
  0x000001b6eebcb4d0 GCTaskThread "GC Thread#8" [stack: 0x0000007a49d00000,0x0000007a49e00000] [id=23184]
  0x000001b6eebcb790 GCTaskThread "GC Thread#9" [stack: 0x0000007a49e00000,0x0000007a49f00000] [id=25092]
  0x000001b6ad260290 ConcurrentGCThread "G1 Main Marker" [stack: 0x0000007a47500000,0x0000007a47600000] [id=45600]
  0x000001b6ad260bc0 ConcurrentGCThread "G1 Conc#0" [stack: 0x0000007a47600000,0x0000007a47700000] [id=13484]
  0x000001b6eee25440 ConcurrentGCThread "G1 Conc#1" [stack: 0x0000007a49f00000,0x0000007a4a000000] [id=13616]
  0x000001b6f128b0d0 ConcurrentGCThread "G1 Conc#2" [stack: 0x0000007a4a000000,0x0000007a4a100000] [id=1936]
  0x000001b6ad29e2e0 ConcurrentGCThread "G1 Refine#0" [stack: 0x0000007a47700000,0x0000007a47800000] [id=15180]
  0x000001b6ad29eac0 ConcurrentGCThread "G1 Service" [stack: 0x0000007a47800000,0x0000007a47900000] [id=42532]

Threads with active compile tasks:
C2 CompilerThread0    78842 17041       4       org.gradle.internal.execution.steps.AssignImmutableWorkspaceStep::execute (55 bytes)
C2 CompilerThread1    78842 17042       4       org.gradle.internal.execution.workspace.impl.CacheBasedImmutableWorkspaceProvider::getWorkspace (32 bytes)

VM state: not at safepoint (normal execution)

VM Mutex/Monitor currently owned by a thread: None

Heap address: 0x0000000080000000, size: 2048 MB, Compressed Oops mode: 32-bit

CDS archive(s) mapped at: [0x000001b6ce000000-0x000001b6cebb0000-0x000001b6cebb0000), size 12255232, SharedBaseAddress: 0x000001b6ce000000, ArchiveRelocationMode: 1.
Compressed class space mapped at: 0x000001b6cf000000-0x000001b6e9000000, reserved size: 436207616
Narrow klass base: 0x000001b6ce000000, Narrow klass shift: 0, Narrow klass range: 0x100000000

GC Precious Log:
 CPUs: 12 total, 12 available
 Memory: 16027M
 Large Page Support: Disabled
 NUMA Support: Disabled
 Compressed Oops: Enabled (32-bit)
 Heap Region Size: 1M
 Heap Min Capacity: 8M
 Heap Initial Capacity: 252M
 Heap Max Capacity: 2G
 Pre-touch: Disabled
 Parallel Workers: 10
 Concurrent Workers: 3
 Concurrent Refinement Workers: 10
 Periodic GC: Disabled

Heap:
 garbage-first heap   total 462848K, used 340313K [0x0000000080000000, 0x0000000100000000)
  region size 1024K, 92 young (94208K), 3 survivors (3072K)
 Metaspace       used 114003K, committed 115520K, reserved 557056K
  class space    used 15713K, committed 16448K, reserved 425984K

Heap Regions: E=young(eden), S=young(survivor), O=old, HS=humongous(starts), HC=humongous(continues), CS=collection set, F=free, OA=open archive, CA=closed archive, TAMS=top-at-mark-start (previous, next)
|   0|0x0000000080000000, 0x0000000080100000, 0x0000000080100000|100%|HS|  |TAMS 0x0000000080100000, 0x0000000080000000| Complete 
|   1|0x0000000080100000, 0x0000000080200000, 0x0000000080200000|100%|HC|  |TAMS 0x0000000080200000, 0x0000000080100000| Complete 
|   2|0x0000000080200000, 0x0000000080300000, 0x0000000080300000|100%|HC|  |TAMS 0x0000000080300000, 0x0000000080200000| Complete 
|   3|0x0000000080300000, 0x0000000080400000, 0x0000000080400000|100%| O|  |TAMS 0x0000000080400000, 0x0000000080300000| Untracked 
|   4|0x0000000080400000, 0x0000000080500000, 0x0000000080500000|100%| O|  |TAMS 0x0000000080500000, 0x0000000080400000| Untracked 
|   5|0x0000000080500000, 0x0000000080600000, 0x0000000080600000|100%| O|  |TAMS 0x0000000080600000, 0x0000000080500000| Untracked 
|   6|0x0000000080600000, 0x0000000080700000, 0x0000000080700000|100%|HS|  |TAMS 0x0000000080700000, 0x0000000080600000| Complete 
|   7|0x0000000080700000, 0x0000000080800000, 0x0000000080800000|100%| O|  |TAMS 0x0000000080800000, 0x0000000080700000| Untracked 
|   8|0x0000000080800000, 0x0000000080900000, 0x0000000080900000|100%| O|  |TAMS 0x0000000080900000, 0x0000000080800000| Untracked 
|   9|0x0000000080900000, 0x0000000080a00000, 0x0000000080a00000|100%| O|  |TAMS 0x0000000080a00000, 0x0000000080900000| Untracked 
|  10|0x0000000080a00000, 0x0000000080b00000, 0x0000000080b00000|100%| O|  |TAMS 0x0000000080b00000, 0x0000000080a00000| Untracked 
|  11|0x0000000080b00000, 0x0000000080c00000, 0x0000000080c00000|100%| O|  |TAMS 0x0000000080c00000, 0x0000000080b00000| Untracked 
|  12|0x0000000080c00000, 0x0000000080ce4600, 0x0000000080d00000| 89%| O|  |TAMS 0x0000000080ce4600, 0x0000000080c00000| Untracked 
|  13|0x0000000080d00000, 0x0000000080e00000, 0x0000000080e00000|100%| O|  |TAMS 0x0000000080e00000, 0x0000000080d00000| Untracked 
|  14|0x0000000080e00000, 0x0000000080f00000, 0x0000000080f00000|100%| O|  |TAMS 0x0000000080f00000, 0x0000000080e00000| Untracked 
|  15|0x0000000080f00000, 0x0000000081000000, 0x0000000081000000|100%| O|  |TAMS 0x0000000081000000, 0x0000000080f00000| Untracked 
|  16|0x0000000081000000, 0x0000000081100000, 0x0000000081100000|100%| O|  |TAMS 0x0000000081100000, 0x0000000081000000| Untracked 
|  17|0x0000000081100000, 0x0000000081200000, 0x0000000081200000|100%| O|  |TAMS 0x0000000081200000, 0x0000000081100000| Untracked 
|  18|0x0000000081200000, 0x0000000081300000, 0x0000000081300000|100%| O|  |TAMS 0x0000000081300000, 0x0000000081200000| Untracked 
|  19|0x0000000081300000, 0x0000000081400000, 0x0000000081400000|100%| O|  |TAMS 0x0000000081400000, 0x0000000081300000| Untracked 
|  20|0x0000000081400000, 0x0000000081500000, 0x0000000081500000|100%| O|  |TAMS 0x0000000081500000, 0x0000000081400000| Untracked 
|  21|0x0000000081500000, 0x0000000081600000, 0x0000000081600000|100%| O|  |TAMS 0x0000000081600000, 0x0000000081500000| Untracked 
|  22|0x0000000081600000, 0x0000000081700000, 0x0000000081700000|100%| O|  |TAMS 0x0000000081700000, 0x0000000081600000| Untracked 
|  23|0x0000000081700000, 0x0000000081800000, 0x0000000081800000|100%| O|  |TAMS 0x0000000081800000, 0x0000000081700000| Untracked 
|  24|0x0000000081800000, 0x0000000081900000, 0x0000000081900000|100%| O|  |TAMS 0x0000000081900000, 0x0000000081800000| Untracked 
|  25|0x0000000081900000, 0x0000000081a00000, 0x0000000081a00000|100%| O|  |TAMS 0x0000000081a00000, 0x0000000081900000| Untracked 
|  26|0x0000000081a00000, 0x0000000081b00000, 0x0000000081b00000|100%| O|  |TAMS 0x0000000081b00000, 0x0000000081a00000| Untracked 
|  27|0x0000000081b00000, 0x0000000081c00000, 0x0000000081c00000|100%| O|  |TAMS 0x0000000081c00000, 0x0000000081b00000| Untracked 
|  28|0x0000000081c00000, 0x0000000081d00000, 0x0000000081d00000|100%| O|  |TAMS 0x0000000081d00000, 0x0000000081c00000| Untracked 
|  29|0x0000000081d00000, 0x0000000081e00000, 0x0000000081e00000|100%| O|  |TAMS 0x0000000081e00000, 0x0000000081d00000| Untracked 
|  30|0x0000000081e00000, 0x0000000081f00000, 0x0000000081f00000|100%| O|  |TAMS 0x0000000081f00000, 0x0000000081e00000| Untracked 
|  31|0x0000000081f00000, 0x0000000082000000, 0x0000000082000000|100%| O|  |TAMS 0x0000000082000000, 0x0000000081f00000| Untracked 
|  32|0x0000000082000000, 0x0000000082100000, 0x0000000082100000|100%| O|  |TAMS 0x0000000082100000, 0x0000000082000000| Untracked 
|  33|0x0000000082100000, 0x0000000082200000, 0x0000000082200000|100%| O|  |TAMS 0x0000000082200000, 0x0000000082100000| Untracked 
|  34|0x0000000082200000, 0x0000000082300000, 0x0000000082300000|100%| O|  |TAMS 0x0000000082300000, 0x0000000082200000| Untracked 
|  35|0x0000000082300000, 0x0000000082400000, 0x0000000082400000|100%| O|  |TAMS 0x0000000082400000, 0x0000000082300000| Untracked 
|  36|0x0000000082400000, 0x0000000082500000, 0x0000000082500000|100%| O|  |TAMS 0x0000000082500000, 0x0000000082400000| Untracked 
|  37|0x0000000082500000, 0x0000000082600000, 0x0000000082600000|100%| O|  |TAMS 0x0000000082600000, 0x0000000082500000| Untracked 
|  38|0x0000000082600000, 0x0000000082700000, 0x0000000082700000|100%| O|  |TAMS 0x0000000082700000, 0x0000000082600000| Untracked 
|  39|0x0000000082700000, 0x0000000082800000, 0x0000000082800000|100%| O|  |TAMS 0x0000000082800000, 0x0000000082700000| Untracked 
|  40|0x0000000082800000, 0x0000000082900000, 0x0000000082900000|100%| O|  |TAMS 0x0000000082900000, 0x0000000082800000| Untracked 
|  41|0x0000000082900000, 0x0000000082a00000, 0x0000000082a00000|100%| O|  |TAMS 0x0000000082a00000, 0x0000000082900000| Untracked 
|  42|0x0000000082a00000, 0x0000000082b00000, 0x0000000082b00000|100%|HS|  |TAMS 0x0000000082a00000, 0x0000000082a00000| Complete 
|  43|0x0000000082b00000, 0x0000000082c00000, 0x0000000082c00000|100%| O|  |TAMS 0x0000000082c00000, 0x0000000082b00000| Untracked 
|  44|0x0000000082c00000, 0x0000000082d00000, 0x0000000082d00000|100%|HS|  |TAMS 0x0000000082d00000, 0x0000000082c00000| Complete 
|  45|0x0000000082d00000, 0x0000000082e00000, 0x0000000082e00000|100%|HC|  |TAMS 0x0000000082e00000, 0x0000000082d00000| Complete 
|  46|0x0000000082e00000, 0x0000000082f00000, 0x0000000082f00000|100%|HC|  |TAMS 0x0000000082f00000, 0x0000000082e00000| Complete 
|  47|0x0000000082f00000, 0x0000000083000000, 0x0000000083000000|100%| O|  |TAMS 0x0000000083000000, 0x0000000082f00000| Untracked 
|  48|0x0000000083000000, 0x0000000083100000, 0x0000000083100000|100%| O|  |TAMS 0x0000000083100000, 0x0000000083000000| Untracked 
|  49|0x0000000083100000, 0x0000000083200000, 0x0000000083200000|100%| O|  |TAMS 0x0000000083200000, 0x0000000083100000| Untracked 
|  50|0x0000000083200000, 0x0000000083200000, 0x0000000083300000|  0%| F|  |TAMS 0x0000000083200000, 0x0000000083200000| Untracked 
|  51|0x0000000083300000, 0x0000000083400000, 0x0000000083400000|100%| O|  |TAMS 0x0000000083400000, 0x0000000083300000| Untracked 
|  52|0x0000000083400000, 0x0000000083500000, 0x0000000083500000|100%| O|  |TAMS 0x0000000083500000, 0x0000000083400000| Untracked 
|  53|0x0000000083500000, 0x0000000083500000, 0x0000000083600000|  0%| F|  |TAMS 0x0000000083500000, 0x0000000083500000| Untracked 
|  54|0x0000000083600000, 0x0000000083700000, 0x0000000083700000|100%| O|  |TAMS 0x0000000083700000, 0x0000000083600000| Untracked 
|  55|0x0000000083700000, 0x0000000083800000, 0x0000000083800000|100%|HS|  |TAMS 0x0000000083800000, 0x0000000083700000| Complete 
|  56|0x0000000083800000, 0x0000000083900000, 0x0000000083900000|100%|HC|  |TAMS 0x0000000083900000, 0x0000000083800000| Complete 
|  57|0x0000000083900000, 0x0000000083a00000, 0x0000000083a00000|100%|HC|  |TAMS 0x0000000083a00000, 0x0000000083900000| Complete 
|  58|0x0000000083a00000, 0x0000000083b00000, 0x0000000083b00000|100%| O|  |TAMS 0x0000000083b00000, 0x0000000083a00000| Untracked 
|  59|0x0000000083b00000, 0x0000000083c00000, 0x0000000083c00000|100%| O|  |TAMS 0x0000000083c00000, 0x0000000083b00000| Untracked 
|  60|0x0000000083c00000, 0x0000000083d00000, 0x0000000083d00000|100%| O|  |TAMS 0x0000000083d00000, 0x0000000083c00000| Untracked 
|  61|0x0000000083d00000, 0x0000000083e00000, 0x0000000083e00000|100%| O|  |TAMS 0x0000000083e00000, 0x0000000083d00000| Untracked 
|  62|0x0000000083e00000, 0x0000000083e00000, 0x0000000083f00000|  0%| F|  |TAMS 0x0000000083e00000, 0x0000000083e00000| Untracked 
|  63|0x0000000083f00000, 0x0000000084000000, 0x0000000084000000|100%| O|  |TAMS 0x0000000084000000, 0x0000000083f00000| Untracked 
|  64|0x0000000084000000, 0x0000000084100000, 0x0000000084100000|100%| O|  |TAMS 0x0000000084100000, 0x0000000084000000| Untracked 
|  65|0x0000000084100000, 0x0000000084200000, 0x0000000084200000|100%| O|  |TAMS 0x0000000084200000, 0x0000000084100000| Untracked 
|  66|0x0000000084200000, 0x0000000084300000, 0x0000000084300000|100%| O|  |TAMS 0x0000000084300000, 0x0000000084200000| Untracked 
|  67|0x0000000084300000, 0x0000000084400000, 0x0000000084400000|100%| O|  |TAMS 0x0000000084400000, 0x0000000084300000| Untracked 
|  68|0x0000000084400000, 0x0000000084500000, 0x0000000084500000|100%| O|  |TAMS 0x0000000084500000, 0x0000000084400000| Untracked 
|  69|0x0000000084500000, 0x0000000084600000, 0x0000000084600000|100%| O|  |TAMS 0x0000000084600000, 0x0000000084500000| Untracked 
|  70|0x0000000084600000, 0x0000000084700000, 0x0000000084700000|100%| O|  |TAMS 0x0000000084700000, 0x0000000084600000| Untracked 
|  71|0x0000000084700000, 0x0000000084700000, 0x0000000084800000|  0%| F|  |TAMS 0x0000000084700000, 0x0000000084700000| Untracked 
|  72|0x0000000084800000, 0x0000000084800000, 0x0000000084900000|  0%| F|  |TAMS 0x0000000084800000, 0x0000000084800000| Untracked 
|  73|0x0000000084900000, 0x0000000084a00000, 0x0000000084a00000|100%| O|  |TAMS 0x0000000084a00000, 0x0000000084900000| Untracked 
|  74|0x0000000084a00000, 0x0000000084a00000, 0x0000000084b00000|  0%| F|  |TAMS 0x0000000084a00000, 0x0000000084a00000| Untracked 
|  75|0x0000000084b00000, 0x0000000084b00000, 0x0000000084c00000|  0%| F|  |TAMS 0x0000000084b00000, 0x0000000084b00000| Untracked 
|  76|0x0000000084c00000, 0x0000000084c00000, 0x0000000084d00000|  0%| F|  |TAMS 0x0000000084c00000, 0x0000000084c00000| Untracked 
|  77|0x0000000084d00000, 0x0000000084e00000, 0x0000000084e00000|100%| O|  |TAMS 0x0000000084e00000, 0x0000000084d00000| Untracked 
|  78|0x0000000084e00000, 0x0000000084f00000, 0x0000000084f00000|100%| O|  |TAMS 0x0000000084f00000, 0x0000000084e00000| Untracked 
|  79|0x0000000084f00000, 0x0000000085000000, 0x0000000085000000|100%| O|  |TAMS 0x0000000085000000, 0x0000000084f00000| Untracked 
|  80|0x0000000085000000, 0x0000000085100000, 0x0000000085100000|100%| O|  |TAMS 0x0000000085100000, 0x0000000085000000| Untracked 
|  81|0x0000000085100000, 0x0000000085200000, 0x0000000085200000|100%| O|  |TAMS 0x0000000085200000, 0x0000000085100000| Untracked 
|  82|0x0000000085200000, 0x0000000085200000, 0x0000000085300000|  0%| F|  |TAMS 0x0000000085200000, 0x0000000085200000| Untracked 
|  83|0x0000000085300000, 0x0000000085300000, 0x0000000085400000|  0%| F|  |TAMS 0x0000000085300000, 0x0000000085300000| Untracked 
|  84|0x0000000085400000, 0x0000000085500000, 0x0000000085500000|100%| O|  |TAMS 0x0000000085500000, 0x0000000085400000| Untracked 
|  85|0x0000000085500000, 0x0000000085600000, 0x0000000085600000|100%| O|  |TAMS 0x0000000085600000, 0x0000000085500000| Untracked 
|  86|0x0000000085600000, 0x0000000085700000, 0x0000000085700000|100%|HS|  |TAMS 0x0000000085700000, 0x0000000085600000| Complete 
|  87|0x0000000085700000, 0x0000000085800000, 0x0000000085800000|100%|HS|  |TAMS 0x0000000085800000, 0x0000000085700000| Complete 
|  88|0x0000000085800000, 0x0000000085900000, 0x0000000085900000|100%|HS|  |TAMS 0x0000000085900000, 0x0000000085800000| Complete 
|  89|0x0000000085900000, 0x0000000085a00000, 0x0000000085a00000|100%|HS|  |TAMS 0x0000000085a00000, 0x0000000085900000| Complete 
|  90|0x0000000085a00000, 0x0000000085b00000, 0x0000000085b00000|100%| O|  |TAMS 0x0000000085b00000, 0x0000000085a00000| Untracked 
|  91|0x0000000085b00000, 0x0000000085c00000, 0x0000000085c00000|100%|HS|  |TAMS 0x0000000085c00000, 0x0000000085b00000| Complete 
|  92|0x0000000085c00000, 0x0000000085d00000, 0x0000000085d00000|100%|HS|  |TAMS 0x0000000085d00000, 0x0000000085c00000| Complete 
|  93|0x0000000085d00000, 0x0000000085e00000, 0x0000000085e00000|100%| O|  |TAMS 0x0000000085e00000, 0x0000000085d00000| Untracked 
|  94|0x0000000085e00000, 0x0000000085f00000, 0x0000000085f00000|100%| O|  |TAMS 0x0000000085f00000, 0x0000000085e00000| Untracked 
|  95|0x0000000085f00000, 0x0000000085f00000, 0x0000000086000000|  0%| F|  |TAMS 0x0000000085f00000, 0x0000000085f00000| Untracked 
|  96|0x0000000086000000, 0x0000000086100000, 0x0000000086100000|100%| O|  |TAMS 0x0000000086100000, 0x0000000086000000| Untracked 
|  97|0x0000000086100000, 0x0000000086200000, 0x0000000086200000|100%| O|  |TAMS 0x0000000086200000, 0x0000000086100000| Untracked 
|  98|0x0000000086200000, 0x0000000086300000, 0x0000000086300000|100%| O|  |TAMS 0x0000000086300000, 0x0000000086200000| Untracked 
|  99|0x0000000086300000, 0x0000000086400000, 0x0000000086400000|100%| O|  |TAMS 0x0000000086400000, 0x0000000086300000| Untracked 
| 100|0x0000000086400000, 0x0000000086500000, 0x0000000086500000|100%| O|  |TAMS 0x0000000086500000, 0x0000000086400000| Untracked 
| 101|0x0000000086500000, 0x0000000086500000, 0x0000000086600000|  0%| F|  |TAMS 0x0000000086500000, 0x0000000086500000| Untracked 
| 102|0x0000000086600000, 0x0000000086700000, 0x0000000086700000|100%| O|  |TAMS 0x0000000086600000, 0x0000000086600000| Untracked 
| 103|0x0000000086700000, 0x0000000086800000, 0x0000000086800000|100%|HS|  |TAMS 0x0000000086800000, 0x0000000086700000| Complete 
| 104|0x0000000086800000, 0x0000000086900000, 0x0000000086900000|100%| O|  |TAMS 0x0000000086900000, 0x0000000086800000| Untracked 
| 105|0x0000000086900000, 0x0000000086a00000, 0x0000000086a00000|100%| O|  |TAMS 0x0000000086a00000, 0x0000000086900000| Untracked 
| 106|0x0000000086a00000, 0x0000000086b00000, 0x0000000086b00000|100%| O|  |TAMS 0x0000000086b00000, 0x0000000086a00000| Untracked 
| 107|0x0000000086b00000, 0x0000000086c00000, 0x0000000086c00000|100%| O|  |TAMS 0x0000000086c00000, 0x0000000086b00000| Untracked 
| 108|0x0000000086c00000, 0x0000000086d00000, 0x0000000086d00000|100%| O|  |TAMS 0x0000000086d00000, 0x0000000086c00000| Untracked 
| 109|0x0000000086d00000, 0x0000000086e00000, 0x0000000086e00000|100%| O|  |TAMS 0x0000000086e00000, 0x0000000086d00000| Untracked 
| 110|0x0000000086e00000, 0x0000000086f00000, 0x0000000086f00000|100%|HS|  |TAMS 0x0000000086f00000, 0x0000000086e00000| Complete 
| 111|0x0000000086f00000, 0x0000000087000000, 0x0000000087000000|100%|HC|  |TAMS 0x0000000087000000, 0x0000000086f00000| Complete 
| 112|0x0000000087000000, 0x0000000087100000, 0x0000000087100000|100%|HC|  |TAMS 0x0000000087100000, 0x0000000087000000| Complete 
| 113|0x0000000087100000, 0x0000000087200000, 0x0000000087200000|100%| O|  |TAMS 0x0000000087200000, 0x0000000087100000| Untracked 
| 114|0x0000000087200000, 0x0000000087300000, 0x0000000087300000|100%| O|  |TAMS 0x0000000087300000, 0x0000000087200000| Untracked 
| 115|0x0000000087300000, 0x0000000087400000, 0x0000000087400000|100%| O|  |TAMS 0x0000000087400000, 0x0000000087300000| Untracked 
| 116|0x0000000087400000, 0x0000000087500000, 0x0000000087500000|100%| O|  |TAMS 0x0000000087500000, 0x0000000087400000| Untracked 
| 117|0x0000000087500000, 0x0000000087600000, 0x0000000087600000|100%| O|  |TAMS 0x0000000087600000, 0x0000000087500000| Untracked 
| 118|0x0000000087600000, 0x0000000087700000, 0x0000000087700000|100%| O|  |TAMS 0x0000000087700000, 0x0000000087600000| Untracked 
| 119|0x0000000087700000, 0x0000000087800000, 0x0000000087800000|100%| O|  |TAMS 0x0000000087800000, 0x0000000087700000| Untracked 
| 120|0x0000000087800000, 0x0000000087900000, 0x0000000087900000|100%| O|  |TAMS 0x0000000087900000, 0x0000000087800000| Untracked 
| 121|0x0000000087900000, 0x0000000087a00000, 0x0000000087a00000|100%| O|  |TAMS 0x0000000087a00000, 0x0000000087900000| Untracked 
| 122|0x0000000087a00000, 0x0000000087b00000, 0x0000000087b00000|100%| O|  |TAMS 0x0000000087b00000, 0x0000000087a00000| Untracked 
| 123|0x0000000087b00000, 0x0000000087c00000, 0x0000000087c00000|100%| O|  |TAMS 0x0000000087c00000, 0x0000000087b00000| Untracked 
| 124|0x0000000087c00000, 0x0000000087c00000, 0x0000000087d00000|  0%| F|  |TAMS 0x0000000087c00000, 0x0000000087c00000| Untracked 
| 125|0x0000000087d00000, 0x0000000087d00000, 0x0000000087e00000|  0%| F|  |TAMS 0x0000000087d00000, 0x0000000087d00000| Untracked 
| 126|0x0000000087e00000, 0x0000000087f00000, 0x0000000087f00000|100%| O|  |TAMS 0x0000000087f00000, 0x0000000087e00000| Untracked 
| 127|0x0000000087f00000, 0x0000000088000000, 0x0000000088000000|100%| O|  |TAMS 0x0000000088000000, 0x0000000087f00000| Untracked 
| 128|0x0000000088000000, 0x0000000088100000, 0x0000000088100000|100%| O|  |TAMS 0x0000000088100000, 0x0000000088000000| Untracked 
| 129|0x0000000088100000, 0x0000000088200000, 0x0000000088200000|100%| O|  |TAMS 0x0000000088200000, 0x0000000088100000| Untracked 
| 130|0x0000000088200000, 0x0000000088300000, 0x0000000088300000|100%| O|  |TAMS 0x0000000088300000, 0x0000000088200000| Untracked 
| 131|0x0000000088300000, 0x0000000088400000, 0x0000000088400000|100%| O|  |TAMS 0x0000000088400000, 0x0000000088300000| Untracked 
| 132|0x0000000088400000, 0x0000000088400000, 0x0000000088500000|  0%| F|  |TAMS 0x0000000088400000, 0x0000000088400000| Untracked 
| 133|0x0000000088500000, 0x0000000088500000, 0x0000000088600000|  0%| F|  |TAMS 0x0000000088500000, 0x0000000088500000| Untracked 
| 134|0x0000000088600000, 0x0000000088600000, 0x0000000088700000|  0%| F|  |TAMS 0x0000000088600000, 0x0000000088600000| Untracked 
| 135|0x0000000088700000, 0x0000000088800000, 0x0000000088800000|100%| O|  |TAMS 0x0000000088800000, 0x0000000088700000| Untracked 
| 136|0x0000000088800000, 0x0000000088900000, 0x0000000088900000|100%|HS|  |TAMS 0x0000000088900000, 0x0000000088800000| Complete 
| 137|0x0000000088900000, 0x0000000088a00000, 0x0000000088a00000|100%|HS|  |TAMS 0x0000000088a00000, 0x0000000088900000| Complete 
| 138|0x0000000088a00000, 0x0000000088b00000, 0x0000000088b00000|100%| O|  |TAMS 0x0000000088b00000, 0x0000000088a00000| Untracked 
| 139|0x0000000088b00000, 0x0000000088c00000, 0x0000000088c00000|100%| O|  |TAMS 0x0000000088c00000, 0x0000000088b00000| Untracked 
| 140|0x0000000088c00000, 0x0000000088d00000, 0x0000000088d00000|100%| O|  |TAMS 0x0000000088d00000, 0x0000000088c00000| Untracked 
| 141|0x0000000088d00000, 0x0000000088e00000, 0x0000000088e00000|100%| O|  |TAMS 0x0000000088e00000, 0x0000000088d00000| Untracked 
| 142|0x0000000088e00000, 0x0000000088e00000, 0x0000000088f00000|  0%| F|  |TAMS 0x0000000088e00000, 0x0000000088e00000| Untracked 
| 143|0x0000000088f00000, 0x0000000089000000, 0x0000000089000000|100%| O|  |TAMS 0x0000000089000000, 0x0000000088f00000| Untracked 
| 144|0x0000000089000000, 0x0000000089100000, 0x0000000089100000|100%| O|  |TAMS 0x0000000089100000, 0x0000000089000000| Untracked 
| 145|0x0000000089100000, 0x0000000089200000, 0x0000000089200000|100%| O|  |TAMS 0x0000000089200000, 0x0000000089100000| Untracked 
| 146|0x0000000089200000, 0x0000000089200000, 0x0000000089300000|  0%| F|  |TAMS 0x0000000089200000, 0x0000000089200000| Untracked 
| 147|0x0000000089300000, 0x0000000089400000, 0x0000000089400000|100%| O|  |TAMS 0x0000000089400000, 0x0000000089300000| Untracked 
| 148|0x0000000089400000, 0x0000000089500000, 0x0000000089500000|100%| O|  |TAMS 0x0000000089500000, 0x0000000089400000| Untracked 
| 149|0x0000000089500000, 0x0000000089600000, 0x0000000089600000|100%| O|  |TAMS 0x0000000089600000, 0x0000000089500000| Untracked 
| 150|0x0000000089600000, 0x0000000089600000, 0x0000000089700000|  0%| F|  |TAMS 0x0000000089600000, 0x0000000089600000| Untracked 
| 151|0x0000000089700000, 0x0000000089800000, 0x0000000089800000|100%| O|  |TAMS 0x0000000089800000, 0x0000000089700000| Untracked 
| 152|0x0000000089800000, 0x0000000089800000, 0x0000000089900000|  0%| F|  |TAMS 0x0000000089800000, 0x0000000089800000| Untracked 
| 153|0x0000000089900000, 0x0000000089900000, 0x0000000089a00000|  0%| F|  |TAMS 0x0000000089900000, 0x0000000089900000| Untracked 
| 154|0x0000000089a00000, 0x0000000089a00000, 0x0000000089b00000|  0%| F|  |TAMS 0x0000000089a00000, 0x0000000089a00000| Untracked 
| 155|0x0000000089b00000, 0x0000000089c00000, 0x0000000089c00000|100%| O|  |TAMS 0x0000000089c00000, 0x0000000089b00000| Untracked 
| 156|0x0000000089c00000, 0x0000000089d00000, 0x0000000089d00000|100%|HS|  |TAMS 0x0000000089d00000, 0x0000000089c00000| Complete 
| 157|0x0000000089d00000, 0x0000000089e00000, 0x0000000089e00000|100%|HS|  |TAMS 0x0000000089e00000, 0x0000000089d00000| Complete 
| 158|0x0000000089e00000, 0x0000000089f00000, 0x0000000089f00000|100%|HS|  |TAMS 0x0000000089f00000, 0x0000000089e00000| Complete 
| 159|0x0000000089f00000, 0x000000008a000000, 0x000000008a000000|100%|HC|  |TAMS 0x000000008a000000, 0x0000000089f00000| Complete 
| 160|0x000000008a000000, 0x000000008a100000, 0x000000008a100000|100%| O|  |TAMS 0x000000008a100000, 0x000000008a000000| Untracked 
| 161|0x000000008a100000, 0x000000008a200000, 0x000000008a200000|100%| O|  |TAMS 0x000000008a200000, 0x000000008a100000| Untracked 
| 162|0x000000008a200000, 0x000000008a300000, 0x000000008a300000|100%| O|  |TAMS 0x000000008a300000, 0x000000008a200000| Untracked 
| 163|0x000000008a300000, 0x000000008a400000, 0x000000008a400000|100%| O|  |TAMS 0x000000008a400000, 0x000000008a300000| Untracked 
| 164|0x000000008a400000, 0x000000008a500000, 0x000000008a500000|100%| O|  |TAMS 0x000000008a500000, 0x000000008a400000| Untracked 
| 165|0x000000008a500000, 0x000000008a600000, 0x000000008a600000|100%| O|  |TAMS 0x000000008a600000, 0x000000008a500000| Untracked 
| 166|0x000000008a600000, 0x000000008a600000, 0x000000008a700000|  0%| F|  |TAMS 0x000000008a600000, 0x000000008a600000| Untracked 
| 167|0x000000008a700000, 0x000000008a800000, 0x000000008a800000|100%| O|  |TAMS 0x000000008a800000, 0x000000008a700000| Untracked 
| 168|0x000000008a800000, 0x000000008a900000, 0x000000008a900000|100%| O|  |TAMS 0x000000008a900000, 0x000000008a800000| Untracked 
| 169|0x000000008a900000, 0x000000008aa00000, 0x000000008aa00000|100%| O|  |TAMS 0x000000008aa00000, 0x000000008a900000| Untracked 
| 170|0x000000008aa00000, 0x000000008ab00000, 0x000000008ab00000|100%| O|  |TAMS 0x000000008ab00000, 0x000000008aa00000| Untracked 
| 171|0x000000008ab00000, 0x000000008ac00000, 0x000000008ac00000|100%| O|  |TAMS 0x000000008ac00000, 0x000000008ab00000| Untracked 
| 172|0x000000008ac00000, 0x000000008ad00000, 0x000000008ad00000|100%| O|  |TAMS 0x000000008ad00000, 0x000000008ac00000| Untracked 
| 173|0x000000008ad00000, 0x000000008ad00000, 0x000000008ae00000|  0%| F|  |TAMS 0x000000008ad00000, 0x000000008ad00000| Untracked 
| 174|0x000000008ae00000, 0x000000008af00000, 0x000000008af00000|100%| O|  |TAMS 0x000000008af00000, 0x000000008ae00000| Untracked 
| 175|0x000000008af00000, 0x000000008b000000, 0x000000008b000000|100%| O|  |TAMS 0x000000008b000000, 0x000000008af00000| Untracked 
| 176|0x000000008b000000, 0x000000008b100000, 0x000000008b100000|100%| O|  |TAMS 0x000000008b100000, 0x000000008b000000| Untracked 
| 177|0x000000008b100000, 0x000000008b100000, 0x000000008b200000|  0%| F|  |TAMS 0x000000008b100000, 0x000000008b100000| Untracked 
| 178|0x000000008b200000, 0x000000008b200000, 0x000000008b300000|  0%| F|  |TAMS 0x000000008b200000, 0x000000008b200000| Untracked 
| 179|0x000000008b300000, 0x000000008b300000, 0x000000008b400000|  0%| F|  |TAMS 0x000000008b300000, 0x000000008b300000| Untracked 
| 180|0x000000008b400000, 0x000000008b500000, 0x000000008b500000|100%| O|  |TAMS 0x000000008b500000, 0x000000008b400000| Untracked 
| 181|0x000000008b500000, 0x000000008b500000, 0x000000008b600000|  0%| F|  |TAMS 0x000000008b500000, 0x000000008b500000| Untracked 
| 182|0x000000008b600000, 0x000000008b700000, 0x000000008b700000|100%|HS|  |TAMS 0x000000008b700000, 0x000000008b600000| Complete 
| 183|0x000000008b700000, 0x000000008b800000, 0x000000008b800000|100%|HS|  |TAMS 0x000000008b800000, 0x000000008b700000| Complete 
| 184|0x000000008b800000, 0x000000008b900000, 0x000000008b900000|100%|HS|  |TAMS 0x000000008b900000, 0x000000008b800000| Complete 
| 185|0x000000008b900000, 0x000000008b900000, 0x000000008ba00000|  0%| F|  |TAMS 0x000000008b900000, 0x000000008b900000| Untracked 
| 186|0x000000008ba00000, 0x000000008ba00000, 0x000000008bb00000|  0%| F|  |TAMS 0x000000008ba00000, 0x000000008ba00000| Untracked 
| 187|0x000000008bb00000, 0x000000008bc00000, 0x000000008bc00000|100%|HS|  |TAMS 0x000000008bc00000, 0x000000008bb00000| Complete 
| 188|0x000000008bc00000, 0x000000008bd00000, 0x000000008bd00000|100%| O|  |TAMS 0x000000008bd00000, 0x000000008bc00000| Untracked 
| 189|0x000000008bd00000, 0x000000008bd00000, 0x000000008be00000|  0%| F|  |TAMS 0x000000008bd00000, 0x000000008bd00000| Untracked 
| 190|0x000000008be00000, 0x000000008be00000, 0x000000008bf00000|  0%| F|  |TAMS 0x000000008be00000, 0x000000008be00000| Untracked 
| 191|0x000000008bf00000, 0x000000008bf00000, 0x000000008c000000|  0%| F|  |TAMS 0x000000008bf00000, 0x000000008bf00000| Untracked 
| 192|0x000000008c000000, 0x000000008c100000, 0x000000008c100000|100%| O|  |TAMS 0x000000008c100000, 0x000000008c000000| Untracked 
| 193|0x000000008c100000, 0x000000008c200000, 0x000000008c200000|100%| O|  |TAMS 0x000000008c200000, 0x000000008c100000| Untracked 
| 194|0x000000008c200000, 0x000000008c300000, 0x000000008c300000|100%| O|  |TAMS 0x000000008c300000, 0x000000008c200000| Untracked 
| 195|0x000000008c300000, 0x000000008c400000, 0x000000008c400000|100%| O|  |TAMS 0x000000008c400000, 0x000000008c300000| Untracked 
| 196|0x000000008c400000, 0x000000008c500000, 0x000000008c500000|100%| O|  |TAMS 0x000000008c500000, 0x000000008c400000| Untracked 
| 197|0x000000008c500000, 0x000000008c600000, 0x000000008c600000|100%|HS|  |TAMS 0x000000008c600000, 0x000000008c500000| Complete 
| 198|0x000000008c600000, 0x000000008c700000, 0x000000008c700000|100%|HC|  |TAMS 0x000000008c700000, 0x000000008c600000| Complete 
| 199|0x000000008c700000, 0x000000008c800000, 0x000000008c800000|100%|HC|  |TAMS 0x000000008c800000, 0x000000008c700000| Complete 
| 200|0x000000008c800000, 0x000000008c900000, 0x000000008c900000|100%| O|  |TAMS 0x000000008c900000, 0x000000008c800000| Untracked 
| 201|0x000000008c900000, 0x000000008ca00000, 0x000000008ca00000|100%|HS|  |TAMS 0x000000008ca00000, 0x000000008c900000| Complete 
| 202|0x000000008ca00000, 0x000000008cb00000, 0x000000008cb00000|100%|HC|  |TAMS 0x000000008cb00000, 0x000000008ca00000| Complete 
| 203|0x000000008cb00000, 0x000000008cc00000, 0x000000008cc00000|100%| O|  |TAMS 0x000000008cc00000, 0x000000008cb00000| Untracked 
| 204|0x000000008cc00000, 0x000000008cd00000, 0x000000008cd00000|100%| O|  |TAMS 0x000000008cd00000, 0x000000008cc00000| Untracked 
| 205|0x000000008cd00000, 0x000000008ce00000, 0x000000008ce00000|100%| O|  |TAMS 0x000000008ce00000, 0x000000008cd00000| Untracked 
| 206|0x000000008ce00000, 0x000000008ce00000, 0x000000008cf00000|  0%| F|  |TAMS 0x000000008ce00000, 0x000000008ce00000| Untracked 
| 207|0x000000008cf00000, 0x000000008cf00000, 0x000000008d000000|  0%| F|  |TAMS 0x000000008cf00000, 0x000000008cf00000| Untracked 
| 208|0x000000008d000000, 0x000000008d100000, 0x000000008d100000|100%| O|  |TAMS 0x000000008d100000, 0x000000008d000000| Untracked 
| 209|0x000000008d100000, 0x000000008d200000, 0x000000008d200000|100%| O|  |TAMS 0x000000008d200000, 0x000000008d100000| Untracked 
| 210|0x000000008d200000, 0x000000008d300000, 0x000000008d300000|100%| O|  |TAMS 0x000000008d300000, 0x000000008d200000| Untracked 
| 211|0x000000008d300000, 0x000000008d400000, 0x000000008d400000|100%| O|  |TAMS 0x000000008d400000, 0x000000008d300000| Untracked 
| 212|0x000000008d400000, 0x000000008d500000, 0x000000008d500000|100%| O|  |TAMS 0x000000008d500000, 0x000000008d400000| Untracked 
| 213|0x000000008d500000, 0x000000008d500000, 0x000000008d600000|  0%| F|  |TAMS 0x000000008d500000, 0x000000008d500000| Untracked 
| 214|0x000000008d600000, 0x000000008d700000, 0x000000008d700000|100%| O|  |TAMS 0x000000008d700000, 0x000000008d600000| Untracked 
| 215|0x000000008d700000, 0x000000008d800000, 0x000000008d800000|100%| O|  |TAMS 0x000000008d800000, 0x000000008d700000| Untracked 
| 216|0x000000008d800000, 0x000000008d900000, 0x000000008d900000|100%|HS|  |TAMS 0x000000008d900000, 0x000000008d800000| Complete 
| 217|0x000000008d900000, 0x000000008da00000, 0x000000008da00000|100%|HS|  |TAMS 0x000000008da00000, 0x000000008d900000| Complete 
| 218|0x000000008da00000, 0x000000008db00000, 0x000000008db00000|100%| O|  |TAMS 0x000000008db00000, 0x000000008da00000| Untracked 
| 219|0x000000008db00000, 0x000000008dc00000, 0x000000008dc00000|100%| O|  |TAMS 0x000000008dc00000, 0x000000008db00000| Untracked 
| 220|0x000000008dc00000, 0x000000008dd00000, 0x000000008dd00000|100%| O|  |TAMS 0x000000008dd00000, 0x000000008dc00000| Untracked 
| 221|0x000000008dd00000, 0x000000008de00000, 0x000000008de00000|100%| O|  |TAMS 0x000000008de00000, 0x000000008dd00000| Untracked 
| 222|0x000000008de00000, 0x000000008df00000, 0x000000008df00000|100%| O|  |TAMS 0x000000008df00000, 0x000000008de00000| Untracked 
| 223|0x000000008df00000, 0x000000008e000000, 0x000000008e000000|100%| O|  |TAMS 0x000000008e000000, 0x000000008df00000| Untracked 
| 224|0x000000008e000000, 0x000000008e100000, 0x000000008e100000|100%| O|  |TAMS 0x000000008e100000, 0x000000008e000000| Untracked 
| 225|0x000000008e100000, 0x000000008e200000, 0x000000008e200000|100%| O|  |TAMS 0x000000008e200000, 0x000000008e100000| Untracked 
| 226|0x000000008e200000, 0x000000008e300000, 0x000000008e300000|100%| O|  |TAMS 0x000000008e300000, 0x000000008e200000| Untracked 
| 227|0x000000008e300000, 0x000000008e400000, 0x000000008e400000|100%| O|  |TAMS 0x000000008e400000, 0x000000008e300000| Untracked 
| 228|0x000000008e400000, 0x000000008e500000, 0x000000008e500000|100%| O|  |TAMS 0x000000008e500000, 0x000000008e400000| Untracked 
| 229|0x000000008e500000, 0x000000008e500000, 0x000000008e600000|  0%| F|  |TAMS 0x000000008e500000, 0x000000008e500000| Untracked 
| 230|0x000000008e600000, 0x000000008e700000, 0x000000008e700000|100%| O|  |TAMS 0x000000008e600000, 0x000000008e600000| Untracked 
| 231|0x000000008e700000, 0x000000008e700000, 0x000000008e800000|  0%| F|  |TAMS 0x000000008e700000, 0x000000008e700000| Untracked 
| 232|0x000000008e800000, 0x000000008e800000, 0x000000008e900000|  0%| F|  |TAMS 0x000000008e800000, 0x000000008e800000| Untracked 
| 233|0x000000008e900000, 0x000000008e900000, 0x000000008ea00000|  0%| F|  |TAMS 0x000000008e900000, 0x000000008e900000| Untracked 
| 234|0x000000008ea00000, 0x000000008ea00000, 0x000000008eb00000|  0%| F|  |TAMS 0x000000008ea00000, 0x000000008ea00000| Untracked 
| 235|0x000000008eb00000, 0x000000008ec00000, 0x000000008ec00000|100%|HS|  |TAMS 0x000000008ec00000, 0x000000008eb00000| Complete 
| 236|0x000000008ec00000, 0x000000008ed00000, 0x000000008ed00000|100%| O|  |TAMS 0x000000008ed00000, 0x000000008ec00000| Untracked 
| 237|0x000000008ed00000, 0x000000008ed00000, 0x000000008ee00000|  0%| F|  |TAMS 0x000000008ed00000, 0x000000008ed00000| Untracked 
| 238|0x000000008ee00000, 0x000000008ee00000, 0x000000008ef00000|  0%| F|  |TAMS 0x000000008ee00000, 0x000000008ee00000| Untracked 
| 239|0x000000008ef00000, 0x000000008f000000, 0x000000008f000000|100%| O|  |TAMS 0x000000008f000000, 0x000000008ef00000| Untracked 
| 240|0x000000008f000000, 0x000000008f100000, 0x000000008f100000|100%| O|  |TAMS 0x000000008f100000, 0x000000008f000000| Untracked 
| 241|0x000000008f100000, 0x000000008f200000, 0x000000008f200000|100%| O|  |TAMS 0x000000008f200000, 0x000000008f100000| Untracked 
| 242|0x000000008f200000, 0x000000008f200000, 0x000000008f300000|  0%| F|  |TAMS 0x000000008f200000, 0x000000008f200000| Untracked 
| 243|0x000000008f300000, 0x000000008f400000, 0x000000008f400000|100%| O|  |TAMS 0x000000008f400000, 0x000000008f300000| Untracked 
| 244|0x000000008f400000, 0x000000008f500000, 0x000000008f500000|100%| O|  |TAMS 0x000000008f500000, 0x000000008f400000| Untracked 
| 245|0x000000008f500000, 0x000000008f600000, 0x000000008f600000|100%| O|  |TAMS 0x000000008f600000, 0x000000008f500000| Untracked 
| 246|0x000000008f600000, 0x000000008f700000, 0x000000008f700000|100%| O|  |TAMS 0x000000008f700000, 0x000000008f600000| Untracked 
| 247|0x000000008f700000, 0x000000008f800000, 0x000000008f800000|100%| O|  |TAMS 0x000000008f800000, 0x000000008f700000| Untracked 
| 248|0x000000008f800000, 0x000000008f900000, 0x000000008f900000|100%| O|  |TAMS 0x000000008f900000, 0x000000008f800000| Untracked 
| 249|0x000000008f900000, 0x000000008fa00000, 0x000000008fa00000|100%| O|  |TAMS 0x000000008fa00000, 0x000000008f900000| Untracked 
| 250|0x000000008fa00000, 0x000000008fb00000, 0x000000008fb00000|100%|HS|  |TAMS 0x000000008fb00000, 0x000000008fa00000| Complete 
| 251|0x000000008fb00000, 0x000000008fc00000, 0x000000008fc00000|100%|HS|  |TAMS 0x000000008fc00000, 0x000000008fb00000| Complete 
| 252|0x000000008fc00000, 0x000000008fd00000, 0x000000008fd00000|100%|HS|  |TAMS 0x000000008fd00000, 0x000000008fc00000| Complete 
| 253|0x000000008fd00000, 0x000000008fe00000, 0x000000008fe00000|100%| O|  |TAMS 0x000000008fe00000, 0x000000008fd00000| Untracked 
| 254|0x000000008fe00000, 0x000000008ff00000, 0x000000008ff00000|100%| O|  |TAMS 0x000000008ff00000, 0x000000008fe00000| Untracked 
| 255|0x000000008ff00000, 0x0000000090000000, 0x0000000090000000|100%| O|  |TAMS 0x0000000090000000, 0x000000008ff00000| Untracked 
| 256|0x0000000090000000, 0x0000000090100000, 0x0000000090100000|100%| O|  |TAMS 0x0000000090100000, 0x0000000090000000| Untracked 
| 257|0x0000000090100000, 0x0000000090200000, 0x0000000090200000|100%| O|  |TAMS 0x0000000090200000, 0x0000000090100000| Untracked 
| 258|0x0000000090200000, 0x0000000090300000, 0x0000000090300000|100%| O|  |TAMS 0x0000000090300000, 0x0000000090200000| Untracked 
| 259|0x0000000090300000, 0x0000000090400000, 0x0000000090400000|100%| O|  |TAMS 0x0000000090400000, 0x0000000090300000| Untracked 
| 260|0x0000000090400000, 0x0000000090500000, 0x0000000090500000|100%| O|  |TAMS 0x0000000090500000, 0x0000000090400000| Untracked 
| 261|0x0000000090500000, 0x0000000090600000, 0x0000000090600000|100%| O|  |TAMS 0x0000000090600000, 0x0000000090500000| Untracked 
| 262|0x0000000090600000, 0x0000000090700000, 0x0000000090700000|100%| O|  |TAMS 0x0000000090700000, 0x0000000090600000| Untracked 
| 263|0x0000000090700000, 0x0000000090800000, 0x0000000090800000|100%| O|  |TAMS 0x0000000090800000, 0x0000000090700000| Untracked 
| 264|0x0000000090800000, 0x0000000090900000, 0x0000000090900000|100%| O|  |TAMS 0x000000009084cc00, 0x0000000090800000| Untracked 
| 265|0x0000000090900000, 0x0000000090a00000, 0x0000000090a00000|100%| O|  |TAMS 0x0000000090900000, 0x0000000090900000| Untracked 
| 266|0x0000000090a00000, 0x0000000090b00000, 0x0000000090b00000|100%| O|  |TAMS 0x0000000090a00000, 0x0000000090a00000| Untracked 
| 267|0x0000000090b00000, 0x0000000090c00000, 0x0000000090c00000|100%| O|  |TAMS 0x0000000090b00000, 0x0000000090b00000| Untracked 
| 268|0x0000000090c00000, 0x0000000090d00000, 0x0000000090d00000|100%| O|  |TAMS 0x0000000090c00000, 0x0000000090c00000| Untracked 
| 269|0x0000000090d00000, 0x0000000090e00000, 0x0000000090e00000|100%| O|  |TAMS 0x0000000090d00000, 0x0000000090d00000| Untracked 
| 270|0x0000000090e00000, 0x0000000090f00000, 0x0000000090f00000|100%| O|  |TAMS 0x0000000090e00000, 0x0000000090e00000| Untracked 
| 271|0x0000000090f00000, 0x0000000091000000, 0x0000000091000000|100%| O|  |TAMS 0x0000000090f00000, 0x0000000090f00000| Untracked 
| 272|0x0000000091000000, 0x0000000091100000, 0x0000000091100000|100%| O|  |TAMS 0x0000000091000000, 0x0000000091000000| Untracked 
| 273|0x0000000091100000, 0x0000000091200000, 0x0000000091200000|100%| O|  |TAMS 0x0000000091100000, 0x0000000091100000| Untracked 
| 274|0x0000000091200000, 0x0000000091300000, 0x0000000091300000|100%| O|  |TAMS 0x0000000091200000, 0x0000000091200000| Untracked 
| 275|0x0000000091300000, 0x0000000091400000, 0x0000000091400000|100%| O|  |TAMS 0x0000000091300000, 0x0000000091300000| Untracked 
| 276|0x0000000091400000, 0x0000000091500000, 0x0000000091500000|100%| O|  |TAMS 0x0000000091400000, 0x0000000091400000| Untracked 
| 277|0x0000000091500000, 0x0000000091600000, 0x0000000091600000|100%| O|  |TAMS 0x0000000091500000, 0x0000000091500000| Untracked 
| 278|0x0000000091600000, 0x0000000091700000, 0x0000000091700000|100%| O|  |TAMS 0x0000000091600000, 0x0000000091600000| Untracked 
| 279|0x0000000091700000, 0x0000000091800000, 0x0000000091800000|100%| O|  |TAMS 0x0000000091700000, 0x0000000091700000| Untracked 
| 280|0x0000000091800000, 0x0000000091900000, 0x0000000091900000|100%| O|  |TAMS 0x0000000091800000, 0x0000000091800000| Untracked 
| 281|0x0000000091900000, 0x0000000091a00000, 0x0000000091a00000|100%| O|  |TAMS 0x0000000091900000, 0x0000000091900000| Untracked 
| 282|0x0000000091a00000, 0x0000000091b00000, 0x0000000091b00000|100%| O|  |TAMS 0x0000000091a00000, 0x0000000091a00000| Untracked 
| 283|0x0000000091b00000, 0x0000000091c00000, 0x0000000091c00000|100%| O|  |TAMS 0x0000000091b00000, 0x0000000091b00000| Untracked 
| 284|0x0000000091c00000, 0x0000000091d00000, 0x0000000091d00000|100%| O|  |TAMS 0x0000000091c00000, 0x0000000091c00000| Untracked 
| 285|0x0000000091d00000, 0x0000000091e00000, 0x0000000091e00000|100%| O|  |TAMS 0x0000000091d00000, 0x0000000091d00000| Untracked 
| 286|0x0000000091e00000, 0x0000000091f00000, 0x0000000091f00000|100%| O|  |TAMS 0x0000000091e00000, 0x0000000091e00000| Untracked 
| 287|0x0000000091f00000, 0x0000000091f71e00, 0x0000000092000000| 44%| O|  |TAMS 0x0000000091f00000, 0x0000000091f00000| Untracked 
| 288|0x0000000092000000, 0x0000000092000000, 0x0000000092100000|  0%| F|  |TAMS 0x0000000092000000, 0x0000000092000000| Untracked 
| 289|0x0000000092100000, 0x0000000092100000, 0x0000000092200000|  0%| F|  |TAMS 0x0000000092100000, 0x0000000092100000| Untracked 
| 290|0x0000000092200000, 0x0000000092200000, 0x0000000092300000|  0%| F|  |TAMS 0x0000000092200000, 0x0000000092200000| Untracked 
| 291|0x0000000092300000, 0x0000000092300000, 0x0000000092400000|  0%| F|  |TAMS 0x0000000092300000, 0x0000000092300000| Untracked 
| 292|0x0000000092400000, 0x0000000092400000, 0x0000000092500000|  0%| F|  |TAMS 0x0000000092400000, 0x0000000092400000| Untracked 
| 293|0x0000000092500000, 0x0000000092500000, 0x0000000092600000|  0%| F|  |TAMS 0x0000000092500000, 0x0000000092500000| Untracked 
| 294|0x0000000092600000, 0x0000000092600000, 0x0000000092700000|  0%| F|  |TAMS 0x0000000092600000, 0x0000000092600000| Untracked 
| 295|0x0000000092700000, 0x0000000092700000, 0x0000000092800000|  0%| F|  |TAMS 0x0000000092700000, 0x0000000092700000| Untracked 
| 296|0x0000000092800000, 0x0000000092800000, 0x0000000092900000|  0%| F|  |TAMS 0x0000000092800000, 0x0000000092800000| Untracked 
| 297|0x0000000092900000, 0x0000000092900000, 0x0000000092a00000|  0%| F|  |TAMS 0x0000000092900000, 0x0000000092900000| Untracked 
| 298|0x0000000092a00000, 0x0000000092a00000, 0x0000000092b00000|  0%| F|  |TAMS 0x0000000092a00000, 0x0000000092a00000| Untracked 
| 299|0x0000000092b00000, 0x0000000092b00000, 0x0000000092c00000|  0%| F|  |TAMS 0x0000000092b00000, 0x0000000092b00000| Untracked 
| 300|0x0000000092c00000, 0x0000000092c00000, 0x0000000092d00000|  0%| F|  |TAMS 0x0000000092c00000, 0x0000000092c00000| Untracked 
| 301|0x0000000092d00000, 0x0000000092d00000, 0x0000000092e00000|  0%| F|  |TAMS 0x0000000092d00000, 0x0000000092d00000| Untracked 
| 302|0x0000000092e00000, 0x0000000092e00000, 0x0000000092f00000|  0%| F|  |TAMS 0x0000000092e00000, 0x0000000092e00000| Untracked 
| 303|0x0000000092f00000, 0x0000000092f00000, 0x0000000093000000|  0%| F|  |TAMS 0x0000000092f00000, 0x0000000092f00000| Untracked 
| 304|0x0000000093000000, 0x0000000093000000, 0x0000000093100000|  0%| F|  |TAMS 0x0000000093000000, 0x0000000093000000| Untracked 
| 305|0x0000000093100000, 0x0000000093100000, 0x0000000093200000|  0%| F|  |TAMS 0x0000000093100000, 0x0000000093100000| Untracked 
| 306|0x0000000093200000, 0x0000000093200000, 0x0000000093300000|  0%| F|  |TAMS 0x0000000093200000, 0x0000000093200000| Untracked 
| 307|0x0000000093300000, 0x0000000093300000, 0x0000000093400000|  0%| F|  |TAMS 0x0000000093300000, 0x0000000093300000| Untracked 
| 308|0x0000000093400000, 0x0000000093400000, 0x0000000093500000|  0%| F|  |TAMS 0x0000000093400000, 0x0000000093400000| Untracked 
| 309|0x0000000093500000, 0x0000000093500000, 0x0000000093600000|  0%| F|  |TAMS 0x0000000093500000, 0x0000000093500000| Untracked 
| 310|0x0000000093600000, 0x0000000093600000, 0x0000000093700000|  0%| F|  |TAMS 0x0000000093600000, 0x0000000093600000| Untracked 
| 311|0x0000000093700000, 0x0000000093700000, 0x0000000093800000|  0%| F|  |TAMS 0x0000000093700000, 0x0000000093700000| Untracked 
| 312|0x0000000093800000, 0x0000000093800000, 0x0000000093900000|  0%| F|  |TAMS 0x0000000093800000, 0x0000000093800000| Untracked 
| 313|0x0000000093900000, 0x0000000093900000, 0x0000000093a00000|  0%| F|  |TAMS 0x0000000093900000, 0x0000000093900000| Untracked 
| 314|0x0000000093a00000, 0x0000000093a00000, 0x0000000093b00000|  0%| F|  |TAMS 0x0000000093a00000, 0x0000000093a00000| Untracked 
| 315|0x0000000093b00000, 0x0000000093b00000, 0x0000000093c00000|  0%| F|  |TAMS 0x0000000093b00000, 0x0000000093b00000| Untracked 
| 316|0x0000000093c00000, 0x0000000093c00000, 0x0000000093d00000|  0%| F|  |TAMS 0x0000000093c00000, 0x0000000093c00000| Untracked 
| 317|0x0000000093d00000, 0x0000000093d00000, 0x0000000093e00000|  0%| F|  |TAMS 0x0000000093d00000, 0x0000000093d00000| Untracked 
| 318|0x0000000093e00000, 0x0000000093e00000, 0x0000000093f00000|  0%| F|  |TAMS 0x0000000093e00000, 0x0000000093e00000| Untracked 
| 319|0x0000000093f00000, 0x0000000093f00000, 0x0000000094000000|  0%| F|  |TAMS 0x0000000093f00000, 0x0000000093f00000| Untracked 
| 320|0x0000000094000000, 0x0000000094000000, 0x0000000094100000|  0%| F|  |TAMS 0x0000000094000000, 0x0000000094000000| Untracked 
| 321|0x0000000094100000, 0x0000000094100000, 0x0000000094200000|  0%| F|  |TAMS 0x0000000094100000, 0x0000000094100000| Untracked 
| 322|0x0000000094200000, 0x0000000094200000, 0x0000000094300000|  0%| F|  |TAMS 0x0000000094200000, 0x0000000094200000| Untracked 
| 323|0x0000000094300000, 0x0000000094300000, 0x0000000094400000|  0%| F|  |TAMS 0x0000000094300000, 0x0000000094300000| Untracked 
| 324|0x0000000094400000, 0x0000000094400000, 0x0000000094500000|  0%| F|  |TAMS 0x0000000094400000, 0x0000000094400000| Untracked 
| 325|0x0000000094500000, 0x0000000094500000, 0x0000000094600000|  0%| F|  |TAMS 0x0000000094500000, 0x0000000094500000| Untracked 
| 326|0x0000000094600000, 0x0000000094600000, 0x0000000094700000|  0%| F|  |TAMS 0x0000000094600000, 0x0000000094600000| Untracked 
| 327|0x0000000094700000, 0x0000000094700000, 0x0000000094800000|  0%| F|  |TAMS 0x0000000094700000, 0x0000000094700000| Untracked 
| 328|0x0000000094800000, 0x0000000094800000, 0x0000000094900000|  0%| F|  |TAMS 0x0000000094800000, 0x0000000094800000| Untracked 
| 329|0x0000000094900000, 0x0000000094900000, 0x0000000094a00000|  0%| F|  |TAMS 0x0000000094900000, 0x0000000094900000| Untracked 
| 330|0x0000000094a00000, 0x0000000094a00000, 0x0000000094b00000|  0%| F|  |TAMS 0x0000000094a00000, 0x0000000094a00000| Untracked 
| 331|0x0000000094b00000, 0x0000000094b00000, 0x0000000094c00000|  0%| F|  |TAMS 0x0000000094b00000, 0x0000000094b00000| Untracked 
| 332|0x0000000094c00000, 0x0000000094c00000, 0x0000000094d00000|  0%| F|  |TAMS 0x0000000094c00000, 0x0000000094c00000| Untracked 
| 333|0x0000000094d00000, 0x0000000094d00000, 0x0000000094e00000|  0%| F|  |TAMS 0x0000000094d00000, 0x0000000094d00000| Untracked 
| 334|0x0000000094e00000, 0x0000000094e00000, 0x0000000094f00000|  0%| F|  |TAMS 0x0000000094e00000, 0x0000000094e00000| Untracked 
| 335|0x0000000094f00000, 0x0000000094f00000, 0x0000000095000000|  0%| F|  |TAMS 0x0000000094f00000, 0x0000000094f00000| Untracked 
| 336|0x0000000095000000, 0x0000000095000000, 0x0000000095100000|  0%| F|  |TAMS 0x0000000095000000, 0x0000000095000000| Untracked 
| 337|0x0000000095100000, 0x0000000095100000, 0x0000000095200000|  0%| F|  |TAMS 0x0000000095100000, 0x0000000095100000| Untracked 
| 338|0x0000000095200000, 0x0000000095200000, 0x0000000095300000|  0%| F|  |TAMS 0x0000000095200000, 0x0000000095200000| Untracked 
| 339|0x0000000095300000, 0x0000000095300000, 0x0000000095400000|  0%| F|  |TAMS 0x0000000095300000, 0x0000000095300000| Untracked 
| 340|0x0000000095400000, 0x0000000095400000, 0x0000000095500000|  0%| F|  |TAMS 0x0000000095400000, 0x0000000095400000| Untracked 
| 341|0x0000000095500000, 0x0000000095500000, 0x0000000095600000|  0%| F|  |TAMS 0x0000000095500000, 0x0000000095500000| Untracked 
| 342|0x0000000095600000, 0x0000000095600000, 0x0000000095700000|  0%| F|  |TAMS 0x0000000095600000, 0x0000000095600000| Untracked 
| 343|0x0000000095700000, 0x0000000095700000, 0x0000000095800000|  0%| F|  |TAMS 0x0000000095700000, 0x0000000095700000| Untracked 
| 344|0x0000000095800000, 0x0000000095800000, 0x0000000095900000|  0%| F|  |TAMS 0x0000000095800000, 0x0000000095800000| Untracked 
| 345|0x0000000095900000, 0x0000000095900000, 0x0000000095a00000|  0%| F|  |TAMS 0x0000000095900000, 0x0000000095900000| Untracked 
| 346|0x0000000095a00000, 0x0000000095a00000, 0x0000000095b00000|  0%| F|  |TAMS 0x0000000095a00000, 0x0000000095a00000| Untracked 
| 347|0x0000000095b00000, 0x0000000095b00000, 0x0000000095c00000|  0%| F|  |TAMS 0x0000000095b00000, 0x0000000095b00000| Untracked 
| 348|0x0000000095c00000, 0x0000000095c00000, 0x0000000095d00000|  0%| F|  |TAMS 0x0000000095c00000, 0x0000000095c00000| Untracked 
| 349|0x0000000095d00000, 0x0000000095d00000, 0x0000000095e00000|  0%| F|  |TAMS 0x0000000095d00000, 0x0000000095d00000| Untracked 
| 350|0x0000000095e00000, 0x0000000095e00000, 0x0000000095f00000|  0%| F|  |TAMS 0x0000000095e00000, 0x0000000095e00000| Untracked 
| 351|0x0000000095f00000, 0x0000000095f00000, 0x0000000096000000|  0%| F|  |TAMS 0x0000000095f00000, 0x0000000095f00000| Untracked 
| 352|0x0000000096000000, 0x0000000096000000, 0x0000000096100000|  0%| F|  |TAMS 0x0000000096000000, 0x0000000096000000| Untracked 
| 353|0x0000000096100000, 0x0000000096100000, 0x0000000096200000|  0%| F|  |TAMS 0x0000000096100000, 0x0000000096100000| Untracked 
| 354|0x0000000096200000, 0x0000000096200000, 0x0000000096300000|  0%| F|  |TAMS 0x0000000096200000, 0x0000000096200000| Untracked 
| 355|0x0000000096300000, 0x0000000096300000, 0x0000000096400000|  0%| F|  |TAMS 0x0000000096300000, 0x0000000096300000| Untracked 
| 356|0x0000000096400000, 0x0000000096400000, 0x0000000096500000|  0%| F|  |TAMS 0x0000000096400000, 0x0000000096400000| Untracked 
| 357|0x0000000096500000, 0x0000000096500000, 0x0000000096600000|  0%| F|  |TAMS 0x0000000096500000, 0x0000000096500000| Untracked 
| 358|0x0000000096600000, 0x0000000096600000, 0x0000000096700000|  0%| F|  |TAMS 0x0000000096600000, 0x0000000096600000| Untracked 
| 359|0x0000000096700000, 0x0000000096700000, 0x0000000096800000|  0%| F|  |TAMS 0x0000000096700000, 0x0000000096700000| Untracked 
| 360|0x0000000096800000, 0x00000000968eea80, 0x0000000096900000| 93%| E|  |TAMS 0x0000000096800000, 0x0000000096800000| Complete 
| 361|0x0000000096900000, 0x0000000096a00000, 0x0000000096a00000|100%| E|CS|TAMS 0x0000000096900000, 0x0000000096900000| Complete 
| 362|0x0000000096a00000, 0x0000000096b00000, 0x0000000096b00000|100%| E|CS|TAMS 0x0000000096a00000, 0x0000000096a00000| Complete 
| 363|0x0000000096b00000, 0x0000000096c00000, 0x0000000096c00000|100%| E|CS|TAMS 0x0000000096b00000, 0x0000000096b00000| Complete 
| 364|0x0000000096c00000, 0x0000000096d00000, 0x0000000096d00000|100%| E|CS|TAMS 0x0000000096c00000, 0x0000000096c00000| Complete 
| 365|0x0000000096d00000, 0x0000000096e00000, 0x0000000096e00000|100%| E|CS|TAMS 0x0000000096d00000, 0x0000000096d00000| Complete 
| 366|0x0000000096e00000, 0x0000000096f00000, 0x0000000096f00000|100%| E|CS|TAMS 0x0000000096e00000, 0x0000000096e00000| Complete 
| 367|0x0000000096f00000, 0x0000000097000000, 0x0000000097000000|100%| E|CS|TAMS 0x0000000096f00000, 0x0000000096f00000| Complete 
| 368|0x0000000097000000, 0x0000000097100000, 0x0000000097100000|100%| E|CS|TAMS 0x0000000097000000, 0x0000000097000000| Complete 
| 369|0x0000000097100000, 0x0000000097200000, 0x0000000097200000|100%| E|CS|TAMS 0x0000000097100000, 0x0000000097100000| Complete 
| 370|0x0000000097200000, 0x0000000097300000, 0x0000000097300000|100%| E|  |TAMS 0x0000000097200000, 0x0000000097200000| Complete 
| 371|0x0000000097300000, 0x0000000097400000, 0x0000000097400000|100%| E|CS|TAMS 0x0000000097300000, 0x0000000097300000| Complete 
| 372|0x0000000097400000, 0x0000000097500000, 0x0000000097500000|100%| E|CS|TAMS 0x0000000097400000, 0x0000000097400000| Complete 
| 373|0x0000000097500000, 0x0000000097600000, 0x0000000097600000|100%| E|CS|TAMS 0x0000000097500000, 0x0000000097500000| Complete 
| 374|0x0000000097600000, 0x0000000097700000, 0x0000000097700000|100%| E|CS|TAMS 0x0000000097600000, 0x0000000097600000| Complete 
| 375|0x0000000097700000, 0x0000000097800000, 0x0000000097800000|100%| E|CS|TAMS 0x0000000097700000, 0x0000000097700000| Complete 
| 376|0x0000000097800000, 0x0000000097900000, 0x0000000097900000|100%| E|CS|TAMS 0x0000000097800000, 0x0000000097800000| Complete 
| 377|0x0000000097900000, 0x0000000097a00000, 0x0000000097a00000|100%| E|CS|TAMS 0x0000000097900000, 0x0000000097900000| Complete 
| 378|0x0000000097a00000, 0x0000000097b00000, 0x0000000097b00000|100%| E|CS|TAMS 0x0000000097a00000, 0x0000000097a00000| Complete 
| 379|0x0000000097b00000, 0x0000000097c00000, 0x0000000097c00000|100%| E|CS|TAMS 0x0000000097b00000, 0x0000000097b00000| Complete 
| 380|0x0000000097c00000, 0x0000000097d00000, 0x0000000097d00000|100%| E|CS|TAMS 0x0000000097c00000, 0x0000000097c00000| Complete 
| 381|0x0000000097d00000, 0x0000000097e00000, 0x0000000097e00000|100%| E|CS|TAMS 0x0000000097d00000, 0x0000000097d00000| Complete 
| 382|0x0000000097e00000, 0x0000000097f00000, 0x0000000097f00000|100%| E|CS|TAMS 0x0000000097e00000, 0x0000000097e00000| Complete 
| 383|0x0000000097f00000, 0x0000000098000000, 0x0000000098000000|100%| E|CS|TAMS 0x0000000097f00000, 0x0000000097f00000| Complete 
| 384|0x0000000098000000, 0x0000000098100000, 0x0000000098100000|100%| E|CS|TAMS 0x0000000098000000, 0x0000000098000000| Complete 
| 385|0x0000000098100000, 0x0000000098200000, 0x0000000098200000|100%| E|CS|TAMS 0x0000000098100000, 0x0000000098100000| Complete 
| 386|0x0000000098200000, 0x0000000098300000, 0x0000000098300000|100%| E|CS|TAMS 0x0000000098200000, 0x0000000098200000| Complete 
| 387|0x0000000098300000, 0x0000000098400000, 0x0000000098400000|100%| E|CS|TAMS 0x0000000098300000, 0x0000000098300000| Complete 
| 388|0x0000000098400000, 0x0000000098500000, 0x0000000098500000|100%| E|CS|TAMS 0x0000000098400000, 0x0000000098400000| Complete 
| 389|0x0000000098500000, 0x0000000098600000, 0x0000000098600000|100%| E|CS|TAMS 0x0000000098500000, 0x0000000098500000| Complete 
| 390|0x0000000098600000, 0x0000000098700000, 0x0000000098700000|100%| E|CS|TAMS 0x0000000098600000, 0x0000000098600000| Complete 
| 391|0x0000000098700000, 0x0000000098800000, 0x0000000098800000|100%| E|CS|TAMS 0x0000000098700000, 0x0000000098700000| Complete 
| 392|0x0000000098800000, 0x0000000098900000, 0x0000000098900000|100%| E|CS|TAMS 0x0000000098800000, 0x0000000098800000| Complete 
| 393|0x0000000098900000, 0x0000000098a00000, 0x0000000098a00000|100%| E|CS|TAMS 0x0000000098900000, 0x0000000098900000| Complete 
| 394|0x0000000098a00000, 0x0000000098b00000, 0x0000000098b00000|100%| E|CS|TAMS 0x0000000098a00000, 0x0000000098a00000| Complete 
| 395|0x0000000098b00000, 0x0000000098c00000, 0x0000000098c00000|100%| E|CS|TAMS 0x0000000098b00000, 0x0000000098b00000| Complete 
| 396|0x0000000098c00000, 0x0000000098d00000, 0x0000000098d00000|100%| E|CS|TAMS 0x0000000098c00000, 0x0000000098c00000| Complete 
| 397|0x0000000098d00000, 0x0000000098e00000, 0x0000000098e00000|100%| E|CS|TAMS 0x0000000098d00000, 0x0000000098d00000| Complete 
| 398|0x0000000098e00000, 0x0000000098f00000, 0x0000000098f00000|100%| E|CS|TAMS 0x0000000098e00000, 0x0000000098e00000| Complete 
| 399|0x0000000098f00000, 0x0000000099000000, 0x0000000099000000|100%| E|CS|TAMS 0x0000000098f00000, 0x0000000098f00000| Complete 
| 400|0x0000000099000000, 0x0000000099100000, 0x0000000099100000|100%| E|CS|TAMS 0x0000000099000000, 0x0000000099000000| Complete 
| 401|0x0000000099100000, 0x0000000099200000, 0x0000000099200000|100%| E|CS|TAMS 0x0000000099100000, 0x0000000099100000| Complete 
| 402|0x0000000099200000, 0x0000000099300000, 0x0000000099300000|100%| E|CS|TAMS 0x0000000099200000, 0x0000000099200000| Complete 
| 403|0x0000000099300000, 0x0000000099400000, 0x0000000099400000|100%| E|CS|TAMS 0x0000000099300000, 0x0000000099300000| Complete 
| 404|0x0000000099400000, 0x0000000099500000, 0x0000000099500000|100%| E|CS|TAMS 0x0000000099400000, 0x0000000099400000| Complete 
| 405|0x0000000099500000, 0x0000000099600000, 0x0000000099600000|100%| E|CS|TAMS 0x0000000099500000, 0x0000000099500000| Complete 
| 406|0x0000000099600000, 0x0000000099700000, 0x0000000099700000|100%| E|CS|TAMS 0x0000000099600000, 0x0000000099600000| Complete 
| 407|0x0000000099700000, 0x0000000099800000, 0x0000000099800000|100%| E|CS|TAMS 0x0000000099700000, 0x0000000099700000| Complete 
| 408|0x0000000099800000, 0x0000000099900000, 0x0000000099900000|100%| E|CS|TAMS 0x0000000099800000, 0x0000000099800000| Complete 
| 409|0x0000000099900000, 0x0000000099a00000, 0x0000000099a00000|100%| E|CS|TAMS 0x0000000099900000, 0x0000000099900000| Complete 
| 410|0x0000000099a00000, 0x0000000099b00000, 0x0000000099b00000|100%| E|CS|TAMS 0x0000000099a00000, 0x0000000099a00000| Complete 
| 411|0x0000000099b00000, 0x0000000099c00000, 0x0000000099c00000|100%| E|CS|TAMS 0x0000000099b00000, 0x0000000099b00000| Complete 
| 412|0x0000000099c00000, 0x0000000099d00000, 0x0000000099d00000|100%| E|CS|TAMS 0x0000000099c00000, 0x0000000099c00000| Complete 
| 413|0x0000000099d00000, 0x0000000099e00000, 0x0000000099e00000|100%| E|CS|TAMS 0x0000000099d00000, 0x0000000099d00000| Complete 
| 414|0x0000000099e00000, 0x0000000099f00000, 0x0000000099f00000|100%| E|CS|TAMS 0x0000000099e00000, 0x0000000099e00000| Complete 
| 415|0x0000000099f00000, 0x000000009a000000, 0x000000009a000000|100%| E|CS|TAMS 0x0000000099f00000, 0x0000000099f00000| Complete 
| 416|0x000000009a000000, 0x000000009a100000, 0x000000009a100000|100%| E|CS|TAMS 0x000000009a000000, 0x000000009a000000| Complete 
| 417|0x000000009a100000, 0x000000009a200000, 0x000000009a200000|100%| E|CS|TAMS 0x000000009a100000, 0x000000009a100000| Complete 
| 418|0x000000009a200000, 0x000000009a300000, 0x000000009a300000|100%| E|CS|TAMS 0x000000009a200000, 0x000000009a200000| Complete 
| 419|0x000000009a300000, 0x000000009a400000, 0x000000009a400000|100%| E|CS|TAMS 0x000000009a300000, 0x000000009a300000| Complete 
| 420|0x000000009a400000, 0x000000009a500000, 0x000000009a500000|100%| E|CS|TAMS 0x000000009a400000, 0x000000009a400000| Complete 
| 421|0x000000009a500000, 0x000000009a600000, 0x000000009a600000|100%| E|CS|TAMS 0x000000009a500000, 0x000000009a500000| Complete 
| 422|0x000000009a600000, 0x000000009a700000, 0x000000009a700000|100%| E|CS|TAMS 0x000000009a600000, 0x000000009a600000| Complete 
| 423|0x000000009a700000, 0x000000009a800000, 0x000000009a800000|100%| E|CS|TAMS 0x000000009a700000, 0x000000009a700000| Complete 
| 424|0x000000009a800000, 0x000000009a900000, 0x000000009a900000|100%| E|CS|TAMS 0x000000009a800000, 0x000000009a800000| Complete 
| 425|0x000000009a900000, 0x000000009aa00000, 0x000000009aa00000|100%| E|CS|TAMS 0x000000009a900000, 0x000000009a900000| Complete 
| 426|0x000000009aa00000, 0x000000009ab00000, 0x000000009ab00000|100%| E|CS|TAMS 0x000000009aa00000, 0x000000009aa00000| Complete 
| 427|0x000000009ab00000, 0x000000009ac00000, 0x000000009ac00000|100%| S|CS|TAMS 0x000000009ab00000, 0x000000009ab00000| Complete 
| 428|0x000000009ac00000, 0x000000009ad00000, 0x000000009ad00000|100%| S|CS|TAMS 0x000000009ac00000, 0x000000009ac00000| Complete 
| 429|0x000000009ad00000, 0x000000009ae00000, 0x000000009ae00000|100%| S|CS|TAMS 0x000000009ad00000, 0x000000009ad00000| Complete 
| 430|0x000000009ae00000, 0x000000009af00000, 0x000000009af00000|100%| E|CS|TAMS 0x000000009ae00000, 0x000000009ae00000| Complete 
| 431|0x000000009af00000, 0x000000009b000000, 0x000000009b000000|100%| E|CS|TAMS 0x000000009af00000, 0x000000009af00000| Complete 
| 432|0x000000009b000000, 0x000000009b100000, 0x000000009b100000|100%| E|CS|TAMS 0x000000009b000000, 0x000000009b000000| Complete 
| 433|0x000000009b100000, 0x000000009b200000, 0x000000009b200000|100%| E|CS|TAMS 0x000000009b100000, 0x000000009b100000| Complete 
| 434|0x000000009b200000, 0x000000009b300000, 0x000000009b300000|100%| E|CS|TAMS 0x000000009b200000, 0x000000009b200000| Complete 
| 435|0x000000009b300000, 0x000000009b400000, 0x000000009b400000|100%| E|CS|TAMS 0x000000009b300000, 0x000000009b300000| Complete 
| 436|0x000000009b400000, 0x000000009b500000, 0x000000009b500000|100%| E|CS|TAMS 0x000000009b400000, 0x000000009b400000| Complete 
| 437|0x000000009b500000, 0x000000009b600000, 0x000000009b600000|100%| E|CS|TAMS 0x000000009b500000, 0x000000009b500000| Complete 
| 438|0x000000009b600000, 0x000000009b700000, 0x000000009b700000|100%| E|CS|TAMS 0x000000009b600000, 0x000000009b600000| Complete 
| 439|0x000000009b700000, 0x000000009b800000, 0x000000009b800000|100%| E|CS|TAMS 0x000000009b700000, 0x000000009b700000| Complete 
| 440|0x000000009b800000, 0x000000009b900000, 0x000000009b900000|100%| E|CS|TAMS 0x000000009b800000, 0x000000009b800000| Complete 
| 441|0x000000009b900000, 0x000000009ba00000, 0x000000009ba00000|100%| E|CS|TAMS 0x000000009b900000, 0x000000009b900000| Complete 
| 442|0x000000009ba00000, 0x000000009bb00000, 0x000000009bb00000|100%| E|CS|TAMS 0x000000009ba00000, 0x000000009ba00000| Complete 
| 443|0x000000009bb00000, 0x000000009bc00000, 0x000000009bc00000|100%| E|CS|TAMS 0x000000009bb00000, 0x000000009bb00000| Complete 
| 444|0x000000009bc00000, 0x000000009bd00000, 0x000000009bd00000|100%| E|CS|TAMS 0x000000009bc00000, 0x000000009bc00000| Complete 
| 445|0x000000009bd00000, 0x000000009be00000, 0x000000009be00000|100%| E|CS|TAMS 0x000000009bd00000, 0x000000009bd00000| Complete 
| 446|0x000000009be00000, 0x000000009bf00000, 0x000000009bf00000|100%| E|CS|TAMS 0x000000009be00000, 0x000000009be00000| Complete 
| 447|0x000000009bf00000, 0x000000009c000000, 0x000000009c000000|100%| E|CS|TAMS 0x000000009bf00000, 0x000000009bf00000| Complete 
| 448|0x000000009c000000, 0x000000009c100000, 0x000000009c100000|100%| E|CS|TAMS 0x000000009c000000, 0x000000009c000000| Complete 
| 449|0x000000009c100000, 0x000000009c200000, 0x000000009c200000|100%| E|CS|TAMS 0x000000009c100000, 0x000000009c100000| Complete 
| 450|0x000000009c200000, 0x000000009c300000, 0x000000009c300000|100%| E|CS|TAMS 0x000000009c200000, 0x000000009c200000| Complete 
| 451|0x000000009c300000, 0x000000009c400000, 0x000000009c400000|100%| E|CS|TAMS 0x000000009c300000, 0x000000009c300000| Complete 

Card table byte_map: [0x000001b6c63c0000,0x000001b6c67c0000] _byte_map_base: 0x000001b6c5fc0000

Marking Bits (Prev, Next): (CMBitMap*) 0x000001b6ad24f960, (CMBitMap*) 0x000001b6ad24f9a0
 Prev Bits: [0x000001b6c6bc0000, 0x000001b6c8bc0000)
 Next Bits: [0x000001b6c8bc0000, 0x000001b6cabc0000)

Polling page: 0x000001b6ad2a0000

Metaspace:

Usage:
  Non-class:     95.99 MB used.
      Class:     15.35 MB used.
       Both:    111.33 MB used.

Virtual space:
  Non-class space:      128.00 MB reserved,      96.75 MB ( 76%) committed,  2 nodes.
      Class space:      416.00 MB reserved,      16.06 MB (  4%) committed,  1 nodes.
             Both:      544.00 MB reserved,     112.81 MB ( 21%) committed. 

Chunk freelists:
   Non-Class:  14.94 MB
       Class:  15.99 MB
        Both:  30.93 MB

MaxMetaspaceSize: 512.00 MB
CompressedClassSpaceSize: 416.00 MB
Initial GC threshold: 21.00 MB
Current GC threshold: 187.81 MB
CDS: on
MetaspaceReclaimPolicy: balanced
 - commit_granule_bytes: 65536.
 - commit_granule_words: 8192.
 - virtual_space_node_default_size: 8388608.
 - enlarge_chunks_in_place: 1.
 - new_chunks_are_fully_committed: 0.
 - uncommit_free_chunks: 1.
 - use_allocation_guard: 0.
 - handle_deallocations: 1.


Internal statistics:

num_allocs_failed_limit: 15.
num_arena_births: 1936.
num_arena_deaths: 0.
num_vsnodes_births: 3.
num_vsnodes_deaths: 0.
num_space_committed: 1805.
num_space_uncommitted: 0.
num_chunks_returned_to_freelist: 15.
num_chunks_taken_from_freelist: 7164.
num_chunk_merges: 9.
num_chunk_splits: 4501.
num_chunks_enlarged: 2698.
num_inconsistent_stats: 0.

CodeHeap 'non-profiled nmethods': size=120000Kb used=11341Kb max_used=11341Kb free=108658Kb
 bounds [0x000001b6bde10000, 0x000001b6be930000, 0x000001b6c5340000]
CodeHeap 'profiled nmethods': size=120000Kb used=26422Kb max_used=27972Kb free=93577Kb
 bounds [0x000001b6b6340000, 0x000001b6b7ec0000, 0x000001b6bd870000]
CodeHeap 'non-nmethods': size=5760Kb used=2489Kb max_used=2542Kb free=3270Kb
 bounds [0x000001b6bd870000, 0x000001b6bdaf0000, 0x000001b6bde10000]
 total_blobs=14964 nmethods=13935 adapters=940
 compilation: enabled
              stopped_count=0, restarted_count=0
 full_count=0

Compilation events (20 events):
Event: 76.366 Thread 0x000001b6f1dae910 nmethod 17035 0x000001b6be919b10 code [0x000001b6be919ca0, 0x000001b6be919d78]
Event: 76.389 Thread 0x000001b6f1dae910 17036       4       java.util.ArrayDeque$DeqSpliterator::estimateSize (21 bytes)
Event: 76.391 Thread 0x000001b6f1dae910 nmethod 17036 0x000001b6be919e10 code [0x000001b6be919fa0, 0x000001b6be91a078]
Event: 76.414 Thread 0x000001b6f1dae910 17037       4       org.gradle.internal.execution.steps.IdentityCacheStep$$Lambda$964/0x000001b6cf705178::get (24 bytes)
Event: 76.431 Thread 0x000001b6f1dae910 nmethod 17037 0x000001b6be91a190 code [0x000001b6be91a3a0, 0x000001b6be91a968]
Event: 76.431 Thread 0x000001b6f1dae910 17038       4       org.gradle.internal.execution.steps.IdentityCacheStep::lambda$executeDeferred$1 (41 bytes)
Event: 76.448 Thread 0x000001b6f1dae910 nmethod 17038 0x000001b6be91b090 code [0x000001b6be91b2a0, 0x000001b6be91b828]
Event: 76.448 Thread 0x000001b6f1dae910 17039       4       java.io.InputStreamReader::close (8 bytes)
Event: 76.493 Thread 0x000001b6f1dae910 nmethod 17039 0x000001b6be91bf10 code [0x000001b6be91c160, 0x000001b6be91d8f0]
Event: 76.494 Thread 0x000001b6f1dae910 17040       4       sun.nio.ch.FileChannelImpl::open (16 bytes)
Event: 76.501 Thread 0x000001b6cd366570 nmethod 17034 0x000001b6be91e490 code [0x000001b6be91e780, 0x000001b6be920290]
Event: 76.501 Thread 0x000001b6cd366570 17041       4       org.gradle.internal.execution.steps.AssignImmutableWorkspaceStep::execute (55 bytes)
Event: 76.531 Thread 0x000001b6f1dae910 nmethod 17040 0x000001b6be921990 code [0x000001b6be921b60, 0x000001b6be922748]
Event: 76.531 Thread 0x000001b6f1dae910 17042       4       org.gradle.internal.execution.workspace.impl.CacheBasedImmutableWorkspaceProvider::getWorkspace (32 bytes)
Event: 76.805 Thread 0x000001b6cd366e80 17046       3       org.gradle.internal.resource.UriTextResource::getLocation (10 bytes)
Event: 76.806 Thread 0x000001b6cd366e80 nmethod 17046 0x000001b6b6e4ad10 code [0x000001b6b6e4aec0, 0x000001b6b6e4b198]
Event: 76.806 Thread 0x000001b6cd366e80 17047       3       org.gradle.internal.resource.UriTextResource$UriResourceLocation::<init> (6 bytes)
Event: 76.806 Thread 0x000001b6cd366e80 nmethod 17047 0x000001b6b70ca110 code [0x000001b6b70ca2c0, 0x000001b6b70ca4d8]
Event: 77.045 Thread 0x000001b6cd366e80 17049       3       jdk.internal.misc.Unsafe::putInt (8 bytes)
Event: 77.045 Thread 0x000001b6cd366e80 nmethod 17049 0x000001b6b71f8590 code [0x000001b6b71f8720, 0x000001b6b71f8838]

GC Heap History (20 events):
Event: 69.806 GC heap before
{Heap before GC invocations=107 (full 0):
 garbage-first heap   total 339968K, used 286800K [0x0000000080000000, 0x0000000100000000)
  region size 1024K, 42 young (43008K), 6 survivors (6144K)
 Metaspace       used 111508K, committed 113024K, reserved 557056K
  class space    used 15414K, committed 16128K, reserved 425984K
}
Event: 69.816 GC heap after
{Heap after GC invocations=108 (full 0):
 garbage-first heap   total 339968K, used 256360K [0x0000000080000000, 0x0000000100000000)
  region size 1024K, 6 young (6144K), 6 survivors (6144K)
 Metaspace       used 111508K, committed 113024K, reserved 557056K
  class space    used 15414K, committed 16128K, reserved 425984K
}
Event: 70.041 GC heap before
{Heap before GC invocations=108 (full 0):
 garbage-first heap   total 339968K, used 287080K [0x0000000080000000, 0x0000000100000000)
  region size 1024K, 37 young (37888K), 6 survivors (6144K)
 Metaspace       used 111508K, committed 113024K, reserved 557056K
  class space    used 15414K, committed 16128K, reserved 425984K
}
Event: 70.048 GC heap after
{Heap after GC invocations=109 (full 0):
 garbage-first heap   total 339968K, used 257319K [0x0000000080000000, 0x0000000100000000)
  region size 1024K, 3 young (3072K), 3 survivors (3072K)
 Metaspace       used 111508K, committed 113024K, reserved 557056K
  class space    used 15414K, committed 16128K, reserved 425984K
}
Event: 70.381 GC heap before
{Heap before GC invocations=109 (full 0):
 garbage-first heap   total 339968K, used 289063K [0x0000000080000000, 0x0000000100000000)
  region size 1024K, 35 young (35840K), 3 survivors (3072K)
 Metaspace       used 111508K, committed 113024K, reserved 557056K
  class space    used 15414K, committed 16128K, reserved 425984K
}
Event: 70.386 GC heap after
{Heap after GC invocations=110 (full 0):
 garbage-first heap   total 339968K, used 257989K [0x0000000080000000, 0x0000000100000000)
  region size 1024K, 3 young (3072K), 3 survivors (3072K)
 Metaspace       used 111508K, committed 113024K, reserved 557056K
  class space    used 15414K, committed 16128K, reserved 425984K
}
Event: 70.757 GC heap before
{Heap before GC invocations=110 (full 0):
 garbage-first heap   total 339968K, used 290757K [0x0000000080000000, 0x0000000100000000)
  region size 1024K, 36 young (36864K), 3 survivors (3072K)
 Metaspace       used 111508K, committed 113024K, reserved 557056K
  class space    used 15414K, committed 16128K, reserved 425984K
}
Event: 70.761 GC heap after
{Heap after GC invocations=111 (full 0):
 garbage-first heap   total 339968K, used 258366K [0x0000000080000000, 0x0000000100000000)
  region size 1024K, 3 young (3072K), 3 survivors (3072K)
 Metaspace       used 111508K, committed 113024K, reserved 557056K
  class space    used 15414K, committed 16128K, reserved 425984K
}
Event: 71.901 GC heap before
{Heap before GC invocations=111 (full 0):
 garbage-first heap   total 339968K, used 295230K [0x0000000080000000, 0x0000000100000000)
  region size 1024K, 37 young (37888K), 3 survivors (3072K)
 Metaspace       used 111617K, committed 113088K, reserved 557056K
  class space    used 15426K, committed 16128K, reserved 425984K
}
Event: 71.906 GC heap after
{Heap after GC invocations=112 (full 0):
 garbage-first heap   total 339968K, used 262868K [0x0000000080000000, 0x0000000100000000)
  region size 1024K, 4 young (4096K), 4 survivors (4096K)
 Metaspace       used 111617K, committed 113088K, reserved 557056K
  class space    used 15426K, committed 16128K, reserved 425984K
}
Event: 73.653 GC heap before
{Heap before GC invocations=112 (full 0):
 garbage-first heap   total 339968K, used 293588K [0x0000000080000000, 0x0000000100000000)
  region size 1024K, 34 young (34816K), 4 survivors (4096K)
 Metaspace       used 112243K, committed 113664K, reserved 557056K
  class space    used 15512K, committed 16192K, reserved 425984K
}
Event: 73.660 GC heap after
{Heap after GC invocations=113 (full 0):
 garbage-first heap   total 339968K, used 267649K [0x0000000080000000, 0x0000000100000000)
  region size 1024K, 5 young (5120K), 5 survivors (5120K)
 Metaspace       used 112243K, committed 113664K, reserved 557056K
  class space    used 15512K, committed 16192K, reserved 425984K
}
Event: 75.051 GC heap before
{Heap before GC invocations=113 (full 0):
 garbage-first heap   total 339968K, used 294273K [0x0000000080000000, 0x0000000100000000)
  region size 1024K, 31 young (31744K), 5 survivors (5120K)
 Metaspace       used 112683K, committed 114240K, reserved 557056K
  class space    used 15575K, committed 16320K, reserved 425984K
}
Event: 75.063 GC heap after
{Heap after GC invocations=114 (full 0):
 garbage-first heap   total 339968K, used 274628K [0x0000000080000000, 0x0000000100000000)
  region size 1024K, 4 young (4096K), 4 survivors (4096K)
 Metaspace       used 112683K, committed 114240K, reserved 557056K
  class space    used 15575K, committed 16320K, reserved 425984K
}
Event: 75.177 GC heap before
{Heap before GC invocations=114 (full 0):
 garbage-first heap   total 339968K, used 276676K [0x0000000080000000, 0x0000000100000000)
  region size 1024K, 7 young (7168K), 4 survivors (4096K)
 Metaspace       used 113025K, committed 114496K, reserved 557056K
  class space    used 15612K, committed 16320K, reserved 425984K
}
Event: 75.185 GC heap after
{Heap after GC invocations=115 (full 0):
 garbage-first heap   total 339968K, used 276173K [0x0000000080000000, 0x0000000100000000)
  region size 1024K, 2 young (2048K), 2 survivors (2048K)
 Metaspace       used 113025K, committed 114496K, reserved 557056K
  class space    used 15612K, committed 16320K, reserved 425984K
}
Event: 76.224 GC heap before
{Heap before GC invocations=116 (full 0):
 garbage-first heap   total 462848K, used 293581K [0x0000000080000000, 0x0000000100000000)
  region size 1024K, 22 young (22528K), 2 survivors (2048K)
 Metaspace       used 113973K, committed 115520K, reserved 557056K
  class space    used 15710K, committed 16448K, reserved 425984K
}
Event: 76.234 GC heap after
{Heap after GC invocations=117 (full 0):
 garbage-first heap   total 462848K, used 280234K [0x0000000080000000, 0x0000000100000000)
  region size 1024K, 3 young (3072K), 3 survivors (3072K)
 Metaspace       used 113973K, committed 115520K, reserved 557056K
  class space    used 15710K, committed 16448K, reserved 425984K
}
Event: 76.345 GC heap before
{Heap before GC invocations=117 (full 0):
 garbage-first heap   total 462848K, used 298666K [0x0000000080000000, 0x0000000100000000)
  region size 1024K, 22 young (22528K), 3 survivors (3072K)
 Metaspace       used 113973K, committed 115520K, reserved 557056K
  class space    used 15710K, committed 16448K, reserved 425984K
}
Event: 76.366 GC heap after
{Heap after GC invocations=118 (full 0):
 garbage-first heap   total 462848K, used 250201K [0x0000000080000000, 0x0000000100000000)
  region size 1024K, 3 young (3072K), 3 survivors (3072K)
 Metaspace       used 113973K, committed 115520K, reserved 557056K
  class space    used 15710K, committed 16448K, reserved 425984K
}

Dll operation events (15 events):
Event: 0.008 Loaded shared library C:\Program Files\Eclipse Adoptium\jdk-17.0.16.8-hotspot\bin\java.dll
Event: 0.024 Loaded shared library C:\Program Files\Eclipse Adoptium\jdk-17.0.16.8-hotspot\bin\jsvml.dll
Event: 0.073 Loaded shared library C:\Program Files\Eclipse Adoptium\jdk-17.0.16.8-hotspot\bin\zip.dll
Event: 0.077 Loaded shared library C:\Program Files\Eclipse Adoptium\jdk-17.0.16.8-hotspot\bin\instrument.dll
Event: 0.083 Loaded shared library C:\Program Files\Eclipse Adoptium\jdk-17.0.16.8-hotspot\bin\net.dll
Event: 0.085 Loaded shared library C:\Program Files\Eclipse Adoptium\jdk-17.0.16.8-hotspot\bin\nio.dll
Event: 0.086 Loaded shared library C:\Program Files\Eclipse Adoptium\jdk-17.0.16.8-hotspot\bin\zip.dll
Event: 0.344 Loaded shared library C:\Program Files\Eclipse Adoptium\jdk-17.0.16.8-hotspot\bin\jimage.dll
Event: 0.542 Loaded shared library C:\Program Files\Eclipse Adoptium\jdk-17.0.16.8-hotspot\bin\verify.dll
Event: 0.636 Loaded shared library C:\Users\ADMIN\.gradle\native\1def1411415f61bf3af743bc5b6707747c0891f09f0c88961ee8f79bc544acac\windows-amd64\native-platform.dll
Event: 0.651 Loaded shared library C:\Users\ADMIN\.gradle\native\0.2.7\x86_64-windows-gnu\gradle-fileevents.dll
Event: 1.797 Loaded shared library C:\Program Files\Eclipse Adoptium\jdk-17.0.16.8-hotspot\bin\management.dll
Event: 1.800 Loaded shared library C:\Program Files\Eclipse Adoptium\jdk-17.0.16.8-hotspot\bin\management_ext.dll
Event: 2.029 Loaded shared library C:\Program Files\Eclipse Adoptium\jdk-17.0.16.8-hotspot\bin\extnet.dll
Event: 2.362 Loaded shared library C:\Program Files\Eclipse Adoptium\jdk-17.0.16.8-hotspot\bin\sunmscapi.dll

Deoptimization events (20 events):
Event: 72.742 Thread 0x000001b6ed56d410 DEOPT PACKING pc=0x000001b6b7912118 sp=0x0000007a491f9360
Event: 72.742 Thread 0x000001b6ed56d410 DEOPT UNPACKING pc=0x000001b6bd8c7143 sp=0x0000007a491f8928 mode 0
Event: 72.784 Thread 0x000001b6ed56d410 DEOPT PACKING pc=0x000001b6b7912118 sp=0x0000007a491f9360
Event: 72.784 Thread 0x000001b6ed56d410 DEOPT UNPACKING pc=0x000001b6bd8c7143 sp=0x0000007a491f8928 mode 0
Event: 72.826 Thread 0x000001b6ed56d410 DEOPT PACKING pc=0x000001b6b7912118 sp=0x0000007a491f9370
Event: 72.826 Thread 0x000001b6ed56d410 DEOPT UNPACKING pc=0x000001b6bd8c7143 sp=0x0000007a491f8938 mode 0
Event: 73.003 Thread 0x000001b6ed56d410 DEOPT PACKING pc=0x000001b6b7912118 sp=0x0000007a491f9140
Event: 73.003 Thread 0x000001b6ed56d410 DEOPT UNPACKING pc=0x000001b6bd8c7143 sp=0x0000007a491f8708 mode 0
Event: 73.088 Thread 0x000001b6ed56d410 DEOPT PACKING pc=0x000001b6b7912118 sp=0x0000007a491f9140
Event: 73.088 Thread 0x000001b6ed56d410 DEOPT UNPACKING pc=0x000001b6bd8c7143 sp=0x0000007a491f8708 mode 0
Event: 73.102 Thread 0x000001b6ed56d410 DEOPT PACKING pc=0x000001b6b7912118 sp=0x0000007a491f9360
Event: 73.102 Thread 0x000001b6ed56d410 DEOPT UNPACKING pc=0x000001b6bd8c7143 sp=0x0000007a491f8928 mode 0
Event: 73.156 Thread 0x000001b6ed56d410 DEOPT PACKING pc=0x000001b6b7912118 sp=0x0000007a491f91a0
Event: 73.156 Thread 0x000001b6ed56d410 DEOPT UNPACKING pc=0x000001b6bd8c7143 sp=0x0000007a491f8768 mode 0
Event: 74.814 Thread 0x000001b6ed56d410 Uncommon trap: trap_request=0xffffff45 fr.pc=0x000001b6be81c634 relative=0x0000000000000094
Event: 74.814 Thread 0x000001b6ed56d410 Uncommon trap: reason=unstable_if action=reinterpret pc=0x000001b6be81c634 method=org.gradle.internal.typeconversion.JustReturningParser.parseNotation(Ljava/lang/Object;)Ljava/lang/Object; @ 8 c2
Event: 74.815 Thread 0x000001b6ed56d410 DEOPT PACKING pc=0x000001b6be81c634 sp=0x0000007a491f5f00
Event: 74.815 Thread 0x000001b6ed56d410 DEOPT UNPACKING pc=0x000001b6bd8c69a3 sp=0x0000007a491f5ea0 mode 2
Event: 75.104 Thread 0x000001b6ed56d410 DEOPT PACKING pc=0x000001b6b7c402a9 sp=0x0000007a491f5d90
Event: 75.104 Thread 0x000001b6ed56d410 DEOPT UNPACKING pc=0x000001b6bd8c7143 sp=0x0000007a491f5210 mode 0

Classes loaded (20 events):
Event: 75.371 Loading class com/sun/org/apache/xerces/internal/impl/Constants
Event: 75.373 Loading class com/sun/org/apache/xerces/internal/impl/Constants done
Event: 75.373 Loading class com/sun/org/apache/xerces/internal/impl/Constants$ArrayEnumeration
Event: 75.374 Loading class com/sun/org/apache/xerces/internal/impl/Constants$ArrayEnumeration done
Event: 75.375 Loading class com/sun/org/apache/xerces/internal/impl/io/MalformedByteSequenceException
Event: 75.376 Loading class java/io/CharConversionException
Event: 75.378 Loading class java/io/CharConversionException done
Event: 75.378 Loading class com/sun/org/apache/xerces/internal/impl/io/MalformedByteSequenceException done
Event: 75.379 Loading class com/sun/org/apache/xerces/internal/dom/DeepNodeListImpl
Event: 75.380 Loading class com/sun/org/apache/xerces/internal/dom/DeepNodeListImpl done
Event: 75.381 Loading class com/sun/org/apache/xerces/internal/dom/DeferredElementImpl
Event: 75.381 Loading class com/sun/org/apache/xerces/internal/dom/DeferredElementImpl done
Event: 75.382 Loading class com/sun/org/apache/xerces/internal/dom/AttributeMap
Event: 75.384 Loading class com/sun/org/apache/xerces/internal/dom/NamedNodeMapImpl
Event: 75.385 Loading class com/sun/org/apache/xerces/internal/dom/NamedNodeMapImpl done
Event: 75.385 Loading class com/sun/org/apache/xerces/internal/dom/AttributeMap done
Event: 75.385 Loading class com/sun/org/apache/xerces/internal/dom/DeferredAttrImpl
Event: 75.385 Loading class com/sun/org/apache/xerces/internal/dom/AttrImpl
Event: 75.386 Loading class com/sun/org/apache/xerces/internal/dom/AttrImpl done
Event: 75.386 Loading class com/sun/org/apache/xerces/internal/dom/DeferredAttrImpl done

Classes unloaded (0 events):
No events

Classes redefined (0 events):
No events

Internal exceptions (20 events):
Event: 74.663 Thread 0x000001b6ed56d410 Exception <a 'java/lang/ClassNotFoundException'{0x0000000093caa210}: build_8zffzecueoq2jftt9s127wv6uBeanInfo> (0x0000000093caa210) 
thrown [s\src\hotspot\share\classfile\systemDictionary.cpp, line 256]
Event: 74.665 Thread 0x000001b6ed56d410 Exception <a 'java/lang/ClassNotFoundException'{0x0000000093cb19a8}: build_8zffzecueoq2jftt9s127wv6uCustomizer> (0x0000000093cb19a8) 
thrown [s\src\hotspot\share\classfile\systemDictionary.cpp, line 256]
Event: 74.749 Thread 0x000001b6ed56d410 Exception <a 'java/lang/ClassNotFoundException'{0x0000000093ad4960}: build_8zffzecueoq2jftt9s127wv6u$_run_closure1BeanInfo> (0x0000000093ad4960) 
thrown [s\src\hotspot\share\classfile\systemDictionary.cpp, line 256]
Event: 74.750 Thread 0x000001b6ed56d410 Exception <a 'java/lang/ClassNotFoundException'{0x0000000093ae0460}: build_8zffzecueoq2jftt9s127wv6u$_run_closure1Customizer> (0x0000000093ae0460) 
thrown [s\src\hotspot\share\classfile\systemDictionary.cpp, line 256]
Event: 74.793 Thread 0x000001b6ed56d410 Exception <a 'java/lang/ClassNotFoundException'{0x000000009385aed8}: org/gradle/api/internal/file/collections/DefaultConfigurableFileTreeBeanInfo> (0x000000009385aed8) 
thrown [s\src\hotspot\share\classfile\systemDictionary.cpp, line 256]
Event: 74.796 Thread 0x000001b6ed56d410 Exception <a 'java/lang/ClassNotFoundException'{0x00000000938714e0}: org/gradle/api/internal/file/CompositeFileTreeBeanInfo> (0x00000000938714e0) 
thrown [s\src\hotspot\share\classfile\systemDictionary.cpp, line 256]
Event: 74.799 Thread 0x000001b6ed56d410 Exception <a 'java/lang/ClassNotFoundException'{0x0000000093887fc8}: org/gradle/api/internal/file/CompositeFileCollectionBeanInfo> (0x0000000093887fc8) 
thrown [s\src\hotspot\share\classfile\systemDictionary.cpp, line 256]
Event: 74.801 Thread 0x000001b6ed56d410 Exception <a 'java/lang/ClassNotFoundException'{0x000000009389f2e8}: org/gradle/api/internal/file/AbstractFileCollectionBeanInfo> (0x000000009389f2e8) 
thrown [s\src\hotspot\share\classfile\systemDictionary.cpp, line 256]
Event: 74.803 Thread 0x000001b6ed56d410 Exception <a 'java/lang/ClassNotFoundException'{0x00000000938b6090}: org/gradle/api/internal/file/AbstractFileCollectionCustomizer> (0x00000000938b6090) 
thrown [s\src\hotspot\share\classfile\systemDictionary.cpp, line 256]
Event: 74.806 Thread 0x000001b6ed56d410 Exception <a 'java/lang/ClassNotFoundException'{0x00000000938e23c0}: org/gradle/api/internal/file/CompositeFileCollectionCustomizer> (0x00000000938e23c0) 
thrown [s\src\hotspot\share\classfile\systemDictionary.cpp, line 256]
Event: 74.807 Thread 0x000001b6ed56d410 Exception <a 'java/lang/ClassNotFoundException'{0x00000000937016a0}: org/gradle/api/internal/file/CompositeFileTreeCustomizer> (0x00000000937016a0) 
thrown [s\src\hotspot\share\classfile\systemDictionary.cpp, line 256]
Event: 74.812 Thread 0x000001b6ed56d410 Exception <a 'java/lang/ClassNotFoundException'{0x000000009372a8e8}: org/gradle/api/internal/file/collections/DefaultConfigurableFileTreeCustomizer> (0x000000009372a8e8) 
thrown [s\src\hotspot\share\classfile\systemDictionary.cpp, line 256]
Event: 74.986 Thread 0x000001b6ed56d410 Exception <a 'java/lang/ClassNotFoundException'{0x000000009335cdd0}: build_bvftc6he6vgcxwckop2fk4klqBeanInfo> (0x000000009335cdd0) 
thrown [s\src\hotspot\share\classfile\systemDictionary.cpp, line 256]
Event: 74.986 Thread 0x000001b6ed56d410 Exception <a 'java/lang/ClassNotFoundException'{0x0000000093364360}: build_bvftc6he6vgcxwckop2fk4klqCustomizer> (0x0000000093364360) 
thrown [s\src\hotspot\share\classfile\systemDictionary.cpp, line 256]
Event: 75.033 Thread 0x000001b6ed56d410 Exception <a 'java/lang/ClassNotFoundException'{0x000000009329c000}: build_bvftc6he6vgcxwckop2fk4klqBeanInfo> (0x000000009329c000) 
thrown [s\src\hotspot\share\classfile\systemDictionary.cpp, line 256]
Event: 75.034 Thread 0x000001b6ed56d410 Exception <a 'java/lang/ClassNotFoundException'{0x00000000932a3528}: build_bvftc6he6vgcxwckop2fk4klqCustomizer> (0x00000000932a3528) 
thrown [s\src\hotspot\share\classfile\systemDictionary.cpp, line 256]
Event: 75.105 Thread 0x000001b6ed56d410 Exception <a 'java/lang/ClassNotFoundException'{0x0000000094a91608}: build_bvftc6he6vgcxwckop2fk4klq$_run_closure1BeanInfo> (0x0000000094a91608) 
thrown [s\src\hotspot\share\classfile\systemDictionary.cpp, line 256]
Event: 75.106 Thread 0x000001b6ed56d410 Exception <a 'java/lang/ClassNotFoundException'{0x0000000094a9d108}: build_bvftc6he6vgcxwckop2fk4klq$_run_closure1Customizer> (0x0000000094a9d108) 
thrown [s\src\hotspot\share\classfile\systemDictionary.cpp, line 256]
Event: 75.890 Thread 0x000001b6ed56d410 Exception <a 'java/lang/ClassNotFoundException'{0x000000009c1d67b8}: build_2j4d7j8wiwd91k86d71m0fleBeanInfo> (0x000000009c1d67b8) 
thrown [s\src\hotspot\share\classfile\systemDictionary.cpp, line 256]
Event: 75.894 Thread 0x000001b6ed56d410 Exception <a 'java/lang/ClassNotFoundException'{0x000000009c1ddd20}: build_2j4d7j8wiwd91k86d71m0fleCustomizer> (0x000000009c1ddd20) 
thrown [s\src\hotspot\share\classfile\systemDictionary.cpp, line 256]

VM Operations (20 events):
Event: 75.051 Executing VM operation: G1CollectForAllocation
Event: 75.063 Executing VM operation: G1CollectForAllocation done
Event: 75.177 Executing VM operation: CollectForMetadataAllocation
Event: 75.186 Executing VM operation: CollectForMetadataAllocation done
Event: 75.272 Executing VM operation: HandshakeAllThreads
Event: 75.273 Executing VM operation: HandshakeAllThreads done
Event: 75.304 Executing VM operation: CollectForMetadataAllocation
Event: 75.304 Executing VM operation: CollectForMetadataAllocation done
Event: 75.351 Executing VM operation: CollectForMetadataAllocation
Event: 75.351 Executing VM operation: CollectForMetadataAllocation done
Event: 75.434 Executing VM operation: G1PauseRemark
Event: 75.453 Executing VM operation: G1PauseRemark done
Event: 75.586 Executing VM operation: G1PauseCleanup
Event: 75.587 Executing VM operation: G1PauseCleanup done
Event: 76.224 Executing VM operation: G1CollectForAllocation
Event: 76.234 Executing VM operation: G1CollectForAllocation done
Event: 76.345 Executing VM operation: G1CollectForAllocation
Event: 76.366 Executing VM operation: G1CollectForAllocation done
Event: 77.366 Executing VM operation: Cleanup
Event: 77.366 Executing VM operation: Cleanup done

Memory protections (0 events):
No events

Nmethod flushes (20 events):
Event: 72.327 Thread 0x000001b6cd367790 flushing  nmethod 0x000001b6b7ab0e10
Event: 72.327 Thread 0x000001b6cd367790 flushing  nmethod 0x000001b6b7adbb10
Event: 72.327 Thread 0x000001b6cd367790 flushing  nmethod 0x000001b6b7b1a590
Event: 72.327 Thread 0x000001b6cd367790 flushing  nmethod 0x000001b6b7b33790
Event: 72.327 Thread 0x000001b6cd367790 flushing  nmethod 0x000001b6b7b33d90
Event: 72.327 Thread 0x000001b6cd367790 flushing  nmethod 0x000001b6b7b3ba90
Event: 72.328 Thread 0x000001b6cd367790 flushing  nmethod 0x000001b6b7bc7910
Event: 72.329 Thread 0x000001b6cd367790 flushing  nmethod 0x000001b6b7bee690
Event: 72.329 Thread 0x000001b6cd367790 flushing  nmethod 0x000001b6b7bf2f10
Event: 72.329 Thread 0x000001b6cd367790 flushing  nmethod 0x000001b6b7c1d010
Event: 72.329 Thread 0x000001b6cd367790 flushing  nmethod 0x000001b6b7c5dc90
Event: 72.329 Thread 0x000001b6cd367790 flushing  nmethod 0x000001b6b7c8f310
Event: 72.330 Thread 0x000001b6cd367790 flushing  nmethod 0x000001b6b7cfb590
Event: 72.330 Thread 0x000001b6cd367790 flushing  nmethod 0x000001b6b7d0f090
Event: 72.330 Thread 0x000001b6cd367790 flushing  nmethod 0x000001b6b7d19e10
Event: 72.330 Thread 0x000001b6cd367790 flushing  nmethod 0x000001b6b7d1c990
Event: 72.331 Thread 0x000001b6cd367790 flushing  nmethod 0x000001b6b7d7bc90
Event: 72.331 Thread 0x000001b6cd367790 flushing  nmethod 0x000001b6b7d96d10
Event: 72.331 Thread 0x000001b6cd367790 flushing  nmethod 0x000001b6b7d98d90
Event: 72.331 Thread 0x000001b6cd367790 flushing  nmethod 0x000001b6b7d9f790

Events (20 events):
Event: 55.143 Thread 0x000001b6cd366e80 Thread added: 0x000001b6f1dad3d0
Event: 57.649 Thread 0x000001b6f1dad3d0 Thread exited: 0x000001b6f1dad3d0
Event: 57.778 Thread 0x000001b6cd366e80 Thread added: 0x000001b6f1dad3d0
Event: 58.952 Thread 0x000001b6f1dad3d0 Thread exited: 0x000001b6f1dad3d0
Event: 61.035 Thread 0x000001b6cd366e80 Thread added: 0x000001b6f1dae910
Event: 61.831 Thread 0x000001b6f1dae910 Thread exited: 0x000001b6f1dae910
Event: 62.369 Thread 0x000001b6cd366570 Thread added: 0x000001b6f1db03a0
Event: 64.609 Thread 0x000001b6f1db03a0 Thread exited: 0x000001b6f1db03a0
Event: 65.382 Thread 0x000001b6cd366e80 Thread added: 0x000001b6f1dae3c0
Event: 65.499 Thread 0x000001b6f1dae3c0 Thread exited: 0x000001b6f1dae3c0
Event: 65.606 Thread 0x000001b6ed56d410 Thread added: 0x000001b6f9283cd0
Event: 65.616 Thread 0x000001b6f9283cd0 Thread added: 0x000001b6f92832b0
Event: 65.616 Thread 0x000001b6f9283cd0 Thread added: 0x000001b6f92846f0
Event: 66.380 Thread 0x000001b6cd366570 Thread added: 0x000001b6f1db08f0
Event: 68.020 Thread 0x000001b6f1db08f0 Thread exited: 0x000001b6f1db08f0
Event: 70.992 Thread 0x000001b6cd366e80 Thread added: 0x000001b6f1daee60
Event: 72.062 Thread 0x000001b6f1daee60 Thread exited: 0x000001b6f1daee60
Event: 72.865 Thread 0x000001b6cd366e80 Thread added: 0x000001b6f1daf900
Event: 74.474 Thread 0x000001b6f1daf900 Thread exited: 0x000001b6f1daf900
Event: 76.025 Thread 0x000001b6cd366e80 Thread added: 0x000001b6f1dae910


Dynamic libraries:
0x00007ff745a30000 - 0x00007ff745a3e000 	C:\Program Files\Eclipse Adoptium\jdk-17.0.16.8-hotspot\bin\java.exe
0x00007ffb6f020000 - 0x00007ffb6f287000 	C:\WINDOWS\SYSTEM32\ntdll.dll
0x00007ffb6d0f0000 - 0x00007ffb6d1b9000 	C:\WINDOWS\System32\KERNEL32.DLL
0x00007ffb6bc80000 - 0x00007ffb6c077000 	C:\WINDOWS\System32\KERNELBASE.dll
0x00007ffb6cc50000 - 0x00007ffb6cd9b000 	C:\WINDOWS\System32\ucrtbase.dll
0x00007ffb3ee00000 - 0x00007ffb3ee17000 	C:\Program Files\Eclipse Adoptium\jdk-17.0.16.8-hotspot\bin\jli.dll
0x00007ffb3e120000 - 0x00007ffb3e13e000 	C:\Program Files\Eclipse Adoptium\jdk-17.0.16.8-hotspot\bin\VCRUNTIME140.dll
0x00007ffb6dd00000 - 0x00007ffb6dec6000 	C:\WINDOWS\System32\USER32.dll
0x00007ffb4e190000 - 0x00007ffb4e422000 	C:\WINDOWS\WinSxS\amd64_microsoft.windows.common-controls_6595b64144ccf1df_6.0.26100.8457_none_3e0b2faee331e92d\COMCTL32.dll
0x00007ffb6cc20000 - 0x00007ffb6cc47000 	C:\WINDOWS\System32\win32u.dll
0x00007ffb6d7e0000 - 0x00007ffb6d80b000 	C:\WINDOWS\System32\GDI32.dll
0x00007ffb6d730000 - 0x00007ffb6d7d9000 	C:\WINDOWS\System32\msvcrt.dll
0x00007ffb6ca60000 - 0x00007ffb6cb8c000 	C:\WINDOWS\System32\gdi32full.dll
0x00007ffb6ba50000 - 0x00007ffb6baf3000 	C:\WINDOWS\System32\msvcp_win.dll
0x00007ffb6d250000 - 0x00007ffb6d282000 	C:\WINDOWS\System32\IMM32.DLL
0x00007ffb56a20000 - 0x00007ffb56a2c000 	C:\Program Files\Eclipse Adoptium\jdk-17.0.16.8-hotspot\bin\vcruntime140_1.dll
0x00007ffafd670000 - 0x00007ffafd6fd000 	C:\Program Files\Eclipse Adoptium\jdk-17.0.16.8-hotspot\bin\msvcp140.dll
0x00007ffa60fe0000 - 0x00007ffa61c4b000 	C:\Program Files\Eclipse Adoptium\jdk-17.0.16.8-hotspot\bin\server\jvm.dll
0x00007ffb6ce20000 - 0x00007ffb6ced6000 	C:\WINDOWS\System32\ADVAPI32.dll
0x00007ffb6eea0000 - 0x00007ffb6ef47000 	C:\WINDOWS\System32\sechost.dll
0x00007ffb6da30000 - 0x00007ffb6db48000 	C:\WINDOWS\System32\RPCRT4.dll
0x00007ffb6db50000 - 0x00007ffb6dbd0000 	C:\WINDOWS\System32\WS2_32.dll
0x00007ffb60fc0000 - 0x00007ffb60ff6000 	C:\WINDOWS\SYSTEM32\WINMM.dll
0x00007ffb6b8b0000 - 0x00007ffb6b90e000 	C:\WINDOWS\SYSTEM32\POWRPROF.dll
0x00007ffb5a080000 - 0x00007ffb5a08b000 	C:\WINDOWS\SYSTEM32\VERSION.dll
0x00007ffb6b890000 - 0x00007ffb6b8a4000 	C:\WINDOWS\SYSTEM32\UMPDC.dll
0x00007ffb6a700000 - 0x00007ffb6a71b000 	C:\WINDOWS\SYSTEM32\kernel.appcore.dll
0x00007ffb418d0000 - 0x00007ffb418da000 	C:\Program Files\Eclipse Adoptium\jdk-17.0.16.8-hotspot\bin\jimage.dll
0x00007ffb69990000 - 0x00007ffb69bd2000 	C:\WINDOWS\SYSTEM32\DBGHELP.DLL
0x00007ffb6ea90000 - 0x00007ffb6ee13000 	C:\WINDOWS\System32\combase.dll
0x00007ffb6d8d0000 - 0x00007ffb6d9a9000 	C:\WINDOWS\System32\OLEAUT32.dll
0x00007ffb4c0f0000 - 0x00007ffb4c12b000 	C:\WINDOWS\SYSTEM32\dbgcore.DLL
0x00007ffb6c9b0000 - 0x00007ffb6ca58000 	C:\WINDOWS\System32\bcryptPrimitives.dll
0x00007ffb41900000 - 0x00007ffb4190e000 	C:\Program Files\Eclipse Adoptium\jdk-17.0.16.8-hotspot\bin\instrument.dll
0x00007ffb0ded0000 - 0x00007ffb0def5000 	C:\Program Files\Eclipse Adoptium\jdk-17.0.16.8-hotspot\bin\java.dll
0x00007ffafd260000 - 0x00007ffafd337000 	C:\Program Files\Eclipse Adoptium\jdk-17.0.16.8-hotspot\bin\jsvml.dll
0x00007ffb6e1b0000 - 0x00007ffb6e91e000 	C:\WINDOWS\System32\SHELL32.dll
0x00007ffb6c140000 - 0x00007ffb6c9ac000 	C:\WINDOWS\System32\windows.storage.dll
0x00007ffb6dbe0000 - 0x00007ffb6dcd6000 	C:\WINDOWS\System32\SHCORE.dll
0x00007ffb6ee20000 - 0x00007ffb6ee86000 	C:\WINDOWS\System32\shlwapi.dll
0x00007ffb6b970000 - 0x00007ffb6b999000 	C:\WINDOWS\SYSTEM32\profapi.dll
0x00007ffb10770000 - 0x00007ffb10788000 	C:\Program Files\Eclipse Adoptium\jdk-17.0.16.8-hotspot\bin\zip.dll
0x00007ffb39af0000 - 0x00007ffb39b09000 	C:\Program Files\Eclipse Adoptium\jdk-17.0.16.8-hotspot\bin\net.dll
0x00007ffb609d0000 - 0x00007ffb60af9000 	C:\WINDOWS\SYSTEM32\WINHTTP.dll
0x00007ffb6acf0000 - 0x00007ffb6ad5c000 	C:\WINDOWS\system32\mswsock.dll
0x00007ffb125a0000 - 0x00007ffb125b6000 	C:\Program Files\Eclipse Adoptium\jdk-17.0.16.8-hotspot\bin\nio.dll
0x00007ffb50c90000 - 0x00007ffb50ca0000 	C:\Program Files\Eclipse Adoptium\jdk-17.0.16.8-hotspot\bin\verify.dll
0x00007ffb3c210000 - 0x00007ffb3c237000 	C:\Users\ADMIN\.gradle\native\1def1411415f61bf3af743bc5b6707747c0891f09f0c88961ee8f79bc544acac\windows-amd64\native-platform.dll
0x00007ffb10100000 - 0x00007ffb10178000 	C:\Users\ADMIN\.gradle\native\0.2.7\x86_64-windows-gnu\gradle-fileevents.dll
0x00007ffb50c80000 - 0x00007ffb50c8a000 	C:\Program Files\Eclipse Adoptium\jdk-17.0.16.8-hotspot\bin\management.dll
0x00007ffb41910000 - 0x00007ffb4191b000 	C:\Program Files\Eclipse Adoptium\jdk-17.0.16.8-hotspot\bin\management_ext.dll
0x00007ffb6ee90000 - 0x00007ffb6ee98000 	C:\WINDOWS\System32\PSAPI.DLL
0x00007ffb6a1e0000 - 0x00007ffb6a212000 	C:\WINDOWS\SYSTEM32\IPHLPAPI.DLL
0x00007ffb6d290000 - 0x00007ffb6d29a000 	C:\WINDOWS\System32\NSI.dll
0x00007ffb63550000 - 0x00007ffb6356d000 	C:\WINDOWS\SYSTEM32\dhcpcsvc6.DLL
0x00007ffb63510000 - 0x00007ffb63535000 	C:\WINDOWS\SYSTEM32\dhcpcsvc.DLL
0x00007ffb6a280000 - 0x00007ffb6a3b2000 	C:\WINDOWS\SYSTEM32\DNSAPI.dll
0x00007ffb3caa0000 - 0x00007ffb3caa9000 	C:\Program Files\Eclipse Adoptium\jdk-17.0.16.8-hotspot\bin\extnet.dll
0x00007ffb6b0f0000 - 0x00007ffb6b10b000 	C:\WINDOWS\SYSTEM32\CRYPTSP.dll
0x00007ffb6a720000 - 0x00007ffb6a759000 	C:\WINDOWS\system32\rsaenh.dll
0x00007ffb6ada0000 - 0x00007ffb6add3000 	C:\WINDOWS\SYSTEM32\USERENV.dll
0x00007ffb6b940000 - 0x00007ffb6b96a000 	C:\WINDOWS\SYSTEM32\bcrypt.dll
0x00007ffb6af50000 - 0x00007ffb6af5c000 	C:\WINDOWS\SYSTEM32\CRYPTBASE.dll
0x00007ffb3ea00000 - 0x00007ffb3ea0e000 	C:\Program Files\Eclipse Adoptium\jdk-17.0.16.8-hotspot\bin\sunmscapi.dll
0x00007ffb6bb00000 - 0x00007ffb6bc78000 	C:\WINDOWS\System32\CRYPT32.dll
0x00007ffb6b250000 - 0x00007ffb6b280000 	C:\WINDOWS\SYSTEM32\ncrypt.dll
0x00007ffb6b200000 - 0x00007ffb6b23f000 	C:\WINDOWS\SYSTEM32\NTASN1.dll
0x00007ffb04a40000 - 0x00007ffb04a48000 	C:\WINDOWS\system32\wshunix.dll
0x00007ffb60920000 - 0x00007ffb6092b000 	C:\Windows\System32\rasadhlp.dll
0x00007ffb636b0000 - 0x00007ffb63736000 	C:\WINDOWS\System32\fwpuclnt.dll

dbghelp: loaded successfully - version: 4.0.5 - missing functions: none
symbol engine: initialized successfully - sym options: 0x614 - pdb path: .;C:\Program Files\Eclipse Adoptium\jdk-17.0.16.8-hotspot\bin;C:\WINDOWS\SYSTEM32;C:\WINDOWS\WinSxS\amd64_microsoft.windows.common-controls_6595b64144ccf1df_6.0.26100.8457_none_3e0b2faee331e92d;C:\Program Files\Eclipse Adoptium\jdk-17.0.16.8-hotspot\bin\server;C:\Users\ADMIN\.gradle\native\1def1411415f61bf3af743bc5b6707747c0891f09f0c88961ee8f79bc544acac\windows-amd64;C:\Users\ADMIN\.gradle\native\0.2.7\x86_64-windows-gnu

VM Arguments:
jvm_args: --add-opens=java.base/java.lang=ALL-UNNAMED --add-opens=java.base/java.lang.invoke=ALL-UNNAMED --add-opens=java.base/java.util=ALL-UNNAMED --add-opens=java.prefs/java.util.prefs=ALL-UNNAMED --add-exports=jdk.compiler/com.sun.tools.javac.api=ALL-UNNAMED --add-exports=jdk.compiler/com.sun.tools.javac.util=ALL-UNNAMED --add-opens=java.base/java.util=ALL-UNNAMED --add-opens=java.prefs/java.util.prefs=ALL-UNNAMED --add-opens=java.base/java.nio.charset=ALL-UNNAMED --add-opens=java.base/java.net=ALL-UNNAMED --add-opens=java.base/java.util.concurrent.atomic=ALL-UNNAMED --add-opens=java.xml/javax.xml.namespace=ALL-UNNAMED -XX:MaxMetaspaceSize=512m -Xmx2048m -Dfile.encoding=windows-1252 -Duser.country=US -Duser.language=en -Duser.variant -javaagent:C:\Users\ADMIN\.gradle\wrapper\dists\gradle-8.14.3-bin\cv11ve7ro1n3o1j4so8xd9n66\gradle-8.14.3\lib\agents\gradle-instrumentation-agent-8.14.3.jar 
java_command: org.gradle.launcher.daemon.bootstrap.GradleDaemon 8.14.3
java_class_path (initial): C:\Users\ADMIN\.gradle\wrapper\dists\gradle-8.14.3-bin\cv11ve7ro1n3o1j4so8xd9n66\gradle-8.14.3\lib\gradle-daemon-main-8.14.3.jar
Launcher Type: SUN_STANDARD

[Global flags]
     intx CICompilerCount                          = 4                                         {product} {ergonomic}
   size_t CompressedClassSpaceSize                 = 436207616                                 {product} {ergonomic}
     uint ConcGCThreads                            = 3                                         {product} {ergonomic}
     uint G1ConcRefinementThreads                  = 10                                        {product} {ergonomic}
   size_t G1HeapRegionSize                         = 1048576                                   {product} {ergonomic}
    uintx GCDrainStackTargetSize                   = 64                                        {product} {ergonomic}
   size_t InitialHeapSize                          = 264241152                                 {product} {ergonomic}
   size_t MarkStackSize                            = 4194304                                   {product} {ergonomic}
   size_t MaxHeapSize                              = 2147483648                                {product} {command line}
   size_t MaxMetaspaceSize                         = 536870912                                 {product} {command line}
   size_t MaxNewSize                               = 1287651328                                {product} {ergonomic}
   size_t MinHeapDeltaBytes                        = 1048576                                   {product} {ergonomic}
   size_t MinHeapSize                              = 8388608                                   {product} {ergonomic}
    uintx NonNMethodCodeHeapSize                   = 5839372                                {pd product} {ergonomic}
    uintx NonProfiledCodeHeapSize                  = 122909434                              {pd product} {ergonomic}
    uintx ProfiledCodeHeapSize                     = 122909434                              {pd product} {ergonomic}
    uintx ReservedCodeCacheSize                    = 251658240                              {pd product} {ergonomic}
     bool SegmentedCodeCache                       = true                                      {product} {ergonomic}
   size_t SoftMaxHeapSize                          = 2147483648                             {manageable} {ergonomic}
     bool UseCompressedClassPointers               = true                           {product lp64_product} {ergonomic}
     bool UseCompressedOops                        = true                           {product lp64_product} {ergonomic}
     bool UseG1GC                                  = true                                      {product} {ergonomic}
     bool UseLargePagesIndividualAllocation        = false                                  {pd product} {ergonomic}

Logging:
Log output configuration:
 #0: stdout all=warning uptime,level,tags
 #1: stderr all=off uptime,level,tags

Environment Variables:
JAVA_HOME=C:\Program Files\Eclipse Adoptium\jdk-17.0.16.8-hotspot
PATH=c:\Users\ADMIN\AppData\Local\Programs\cursor\resources\app\resources\helpers;C:\Program Files\Eclipse Adoptium\jdk-17.0.16.8-hotspot\bin;C:\Python312\Scripts\;C:\Python312\;C:\Program Files\Common Files\Oracle\Java\javapath;C:\WINDOWS\system32;C:\WINDOWS;C:\WINDOWS\System32\Wbem;C:\WINDOWS\System32\WindowsPowerShell\v1.0\;C:\WINDOWS\System32\OpenSSH\;C:\Program Files\Git\cmd;C:\ProgramData\chocolatey\bin;C:\Program Files\MySQL\MySQL Server 8.0\bin;C:\Program Files\apache-maven-3.9.9-bin\apache-maven-3.9.9\bin;C:\Program Files\spring-boot-cli-3.4.0-bin\spring-3.4.0\bin;C:\php\php-8.3.15-Win32-vs16-x64;C:\Users\ADMIN\AppData\Local\nvm;C:\nvm4w\nodejs;C:\composer;C:\Program Files (x86)\Microsoft SQL Server\160\Tools\Binn\;C:\Program Files\Microsoft SQL Server\160\Tools\Binn\;C:\Program Files\Microsoft SQL Server\Client SDK\ODBC\170\Tools\Binn\;C:\Program Files\Microsoft SQL Server\160\DTS\Binn\;C:\Users\ADMIN\AppData\Local\Android\Sdk\platform-tools;C:\Program Files\Docker\Docker\resources\bin;C:\Program Files\Go\bin;C:\Program Files\Eclipse Adoptium\jdk-17.0.16.8-hotspot\bin;C:\Python312\Scripts\;C:\Python312\;C:\Program Files\Common Files\Oracle\Java\javapath;C:\WINDOWS\system32;C:\WINDOWS;C:\WINDOWS\System32\Wbem;C:\WINDOWS\System32\WindowsPowerShell\v1.0\;C:\WINDOWS\System32\OpenSSH\;C:\Program Files\Git\cmd;C:\ProgramData\chocolatey\bin;C:\Program Files\MySQL\MySQL Server 8.0\bin;C:\Program Files\apache-maven-3.9.9-bin\apache-maven-3.9.9\bin;C:\Program Files\spring-boot-cli-3.4.0-bin\spring-3.4.0\bin;C:\php\php-8.3.15-Win32-vs16-x64;C:\Users\ADMIN\AppData\Local\nvm;C:\nvm4w\nodejs;C:\composer;C:\Program Files (x86)\Microsoft SQL Server\160\Tools\Binn\;C:\Program Files\Microsoft SQL Server\160\Tools\Binn\;C:\Program Files\Microsoft SQL Server\Client SDK\ODBC\170\Tools\Binn\;C:\Program Files\Microsoft SQL Server\160\DTS\Binn\;C:\Users\ADMIN\AppData\Local\Android\Sdk\platform-tools;C:\Program Files\Docker\Docker\resources\bin;C:\Program Files\Go\bin;C:\Users\ADMIN\AppData\Local\Android\Sdk\platform-tools;C:\Users\ADMIN\AppData\Local\Programs\Microsoft VS Code\bin;C:\Users\ADMIN\AppData\Local\Programs\cursor\resources\app\bin;C:\Users\ADMIN\AppData\Local\Programs\Windsurf\bin;C:\Users\ADMIN\go\bin;C:\Users\ADMIN\AppData\Local\Programs\Ollama
USERNAME=ADMIN
TERM=dumb
OS=Windows_NT
PROCESSOR_IDENTIFIER=Intel64 Family 6 Model 186 Stepping 3, GenuineIntel
TMP=C:\Users\ADMIN\AppData\Local\Temp
TEMP=C:\Users\ADMIN\AppData\Local\Temp



Periodic native trim disabled


---------------  S Y S T E M  ---------------

OS:
 Windows 11 , 64 bit Build 26100 (10.0.26100.8328)
OS uptime: 22 days 2:48 hours
Hyper-V role detected

CPU: total 12 (initial active 12) (6 cores per cpu, 2 threads per core) family 6 model 186 stepping 3 microcode 0x4114, cx8, cmov, fxsr, ht, mmx, 3dnowpref, sse, sse2, sse3, ssse3, sse4.1, sse4.2, popcnt, lzcnt, tsc, tscinvbit, avx, avx2, aes, erms, clmul, bmi1, bmi2, adx, sha, fma, vzeroupper, clflush, clflushopt, clwb, hv
Processor Information for processor 0
  Max Mhz: 1700, Current Mhz: 1700, Mhz Limit: 1700
Processor Information for processor 1
  Max Mhz: 1700, Current Mhz: 1700, Mhz Limit: 1700
Processor Information for processor 2
  Max Mhz: 1700, Current Mhz: 1700, Mhz Limit: 1700
Processor Information for processor 3
  Max Mhz: 1700, Current Mhz: 1700, Mhz Limit: 1700
Processor Information for processor 4
  Max Mhz: 1700, Current Mhz: 1200, Mhz Limit: 1190
Processor Information for processor 5
  Max Mhz: 1700, Current Mhz: 1200, Mhz Limit: 1190
Processor Information for processor 6
  Max Mhz: 1700, Current Mhz: 1200, Mhz Limit: 1190
Processor Information for processor 7
  Max Mhz: 1700, Current Mhz: 1200, Mhz Limit: 1190
Processor Information for processor 8
  Max Mhz: 1700, Current Mhz: 1200, Mhz Limit: 1190
Processor Information for processor 9
  Max Mhz: 1700, Current Mhz: 1200, Mhz Limit: 1190
Processor Information for processor 10
  Max Mhz: 1700, Current Mhz: 1200, Mhz Limit: 1190
Processor Information for processor 11
  Max Mhz: 1700, Current Mhz: 1200, Mhz Limit: 1190

Memory: 4k page, system-wide physical 16027M (845M free)
TotalPageFile size 65179M (AvailPageFile size 6M)
current process WorkingSet (physical memory assigned to process): 692M, peak: 692M
current process commit charge ("private bytes"): 849M, peak: 853M

vm_info: OpenJDK 64-Bit Server VM (17.0.16+8) for windows-amd64 JRE (17.0.16+8), built on Jul 16 2025 10:37:56 by "admin" with MS VC++ 17.7 (VS2022)

END.
